Day,Cohortday,IdLabel,Loc,Period,Amplitude,Disp,Rel,Discard,Cond,Reversal,Cohort
1,0,Bat12,1,,,,1,0,Training,,1
1,0,Bat12,2,,,,1,0,Training,,1
1,0,Bat12,3,,,,0,0,Training,,1
1,0,Bat12,4,,,,0,0,Training,,1
1,0,Bat12,5,,,,0,0,Training,,1
1,0,Bat12,6,,,,0,0,Training,,1
1,0,Bat12,7,,,,0,0,Training,,1
1,0,Bat12,8,,,,0,0,Training,,1
1,0,Bat12,9,,,,0,0,Training,,1
1,0,Bat12,10,,,,0,0,Training,,1
1,0,Bat12,11,,,,0,0,Training,,1
1,0,Bat12,12,,,,0,0,Training,,1
1,0,Bat22,1,,,,0,0,Training,,1
1,0,Bat22,2,,,,0,0,Training,,1
1,0,Bat22,3,,,,1,0,Training,,1
1,0,Bat22,4,,,,1,0,Training,,1
1,0,Bat22,5,,,,0,0,Training,,1
1,0,Bat22,6,,,,0,0,Training,,1
1,0,Bat22,7,,,,0,0,Training,,1
1,0,Bat22,8,,,,0,0,Training,,1
1,0,Bat22,9,,,,0,0,Training,,1
1,0,Bat22,10,,,,0,0,Training,,1
1,0,Bat22,11,,,,0,0,Training,,1
1,0,Bat22,12,,,,0,0,Training,,1
1,0,Bat51,1,,,,0,0,Training,,1
1,0,Bat51,2,,,,0,0,Training,,1
1,0,Bat51,3,,,,0,0,Training,,1
1,0,Bat51,4,,,,0,0,Training,,1
1,0,Bat51,5,,,,1,0,Training,,1
1,0,Bat51,6,,,,1,0,Training,,1
1,0,Bat51,7,,,,0,0,Training,,1
1,0,Bat51,8,,,,0,0,Training,,1
1,0,Bat51,9,,,,0,0,Training,,1
1,0,Bat51,10,,,,0,0,Training,,1
1,0,Bat51,11,,,,0,0,Training,,1
1,0,Bat51,12,,,,0,0,Training,,1
1,0,Bat45,1,,,,0,0,Training,,1
1,0,Bat45,2,,,,0,0,Training,,1
1,0,Bat45,3,,,,0,0,Training,,1
1,0,Bat45,4,,,,0,0,Training,,1
1,0,Bat45,5,,,,0,0,Training,,1
1,0,Bat45,6,,,,0,0,Training,,1
1,0,Bat45,7,,,,1,0,Training,,1
1,0,Bat45,8,,,,1,0,Training,,1
1,0,Bat45,9,,,,0,0,Training,,1
1,0,Bat45,10,,,,0,0,Training,,1
1,0,Bat45,11,,,,0,0,Training,,1
1,0,Bat45,12,,,,0,0,Training,,1
1,0,Bat43,1,,,,0,0,Training,,1
1,0,Bat43,2,,,,0,0,Training,,1
1,0,Bat43,3,,,,0,0,Training,,1
1,0,Bat43,4,,,,0,0,Training,,1
1,0,Bat43,5,,,,0,0,Training,,1
1,0,Bat43,6,,,,0,0,Training,,1
1,0,Bat43,7,,,,0,0,Training,,1
1,0,Bat43,8,,,,0,0,Training,,1
1,0,Bat43,9,,,,1,0,Training,,1
1,0,Bat43,10,,,,1,0,Training,,1
1,0,Bat43,11,,,,0,0,Training,,1
1,0,Bat43,12,,,,0,0,Training,,1
1,0,Bat101,1,,,,0,0,Training,,1
1,0,Bat101,2,,,,0,0,Training,,1
1,0,Bat101,3,,,,0,0,Training,,1
1,0,Bat101,4,,,,0,0,Training,,1
1,0,Bat101,5,,,,0,0,Training,,1
1,0,Bat101,6,,,,0,0,Training,,1
1,0,Bat101,7,,,,0,0,Training,,1
1,0,Bat101,8,,,,0,0,Training,,1
1,0,Bat101,9,,,,0,0,Training,,1
1,0,Bat101,10,,,,0,0,Training,,1
1,0,Bat101,11,,,,1,0,Training,,1
1,0,Bat101,12,,,,1,0,Training,,1
2,1,Bat22,1,10800000,35,41,0,0,Rateofchange,0,1
2,1,Bat22,2,10800000,35,41,0,0,Rateofchange,0,1
2,1,Bat22,3,10800000,35,41,1,0,Rateofchange,0,1
2,1,Bat22,4,10800000,35,41,1,0,Rateofchange,0,1
2,1,Bat22,5,10800000,35,41,0,0,Rateofchange,0,1
2,1,Bat22,6,10800000,35,41,0,0,Rateofchange,0,1
2,1,Bat22,7,10800000,35,41,0,0,Rateofchange,0,1
2,1,Bat22,8,10800000,35,41,0,0,Rateofchange,0,1
2,1,Bat22,9,10800000,35,41,0,0,Rateofchange,0,1
2,1,Bat22,10,10800000,35,41,0,0,Rateofchange,0,1
2,1,Bat22,11,10800000,35,41,0,0,Rateofchange,0,1
2,1,Bat22,12,10800000,35,41,0,0,Rateofchange,0,1
2,1,Bat51,1,21600000,35,41,0,0,Rateofchange,0,1
2,1,Bat51,2,21600000,35,41,0,0,Rateofchange,0,1
2,1,Bat51,3,21600000,35,41,0,0,Rateofchange,0,1
2,1,Bat51,4,21600000,35,41,0,0,Rateofchange,0,1
2,1,Bat51,5,21600000,35,41,1,0,Rateofchange,0,1
2,1,Bat51,6,21600000,35,41,1,0,Rateofchange,0,1
2,1,Bat51,7,21600000,35,41,0,0,Rateofchange,0,1
2,1,Bat51,8,21600000,35,41,0,0,Rateofchange,0,1
2,1,Bat51,9,21600000,35,41,0,0,Rateofchange,0,1
2,1,Bat51,10,21600000,35,41,0,0,Rateofchange,0,1
2,1,Bat51,11,21600000,35,41,0,0,Rateofchange,0,1
2,1,Bat51,12,21600000,35,41,0,0,Rateofchange,0,1
2,1,Bat45,1,5400000,35,41,0,0,Rateofchange,0,1
2,1,Bat45,2,5400000,35,41,0,0,Rateofchange,0,1
2,1,Bat45,3,5400000,35,41,0,0,Rateofchange,0,1
2,1,Bat45,4,5400000,35,41,0,0,Rateofchange,0,1
2,1,Bat45,5,5400000,35,41,0,0,Rateofchange,0,1
2,1,Bat45,6,5400000,35,41,0,0,Rateofchange,0,1
2,1,Bat45,7,5400000,35,41,1,0,Rateofchange,0,1
2,1,Bat45,8,5400000,35,41,1,0,Rateofchange,0,1
2,1,Bat45,9,5400000,35,41,0,0,Rateofchange,0,1
2,1,Bat45,10,5400000,35,41,0,0,Rateofchange,0,1
2,1,Bat45,11,5400000,35,41,0,0,Rateofchange,0,1
2,1,Bat45,12,5400000,35,41,0,0,Rateofchange,0,1
2,1,Bat43,1,2700000,35,41,0,0,Rateofchange,0,1
2,1,Bat43,2,2700000,35,41,0,0,Rateofchange,0,1
2,1,Bat43,3,2700000,35,41,0,0,Rateofchange,0,1
2,1,Bat43,4,2700000,35,41,0,0,Rateofchange,0,1
2,1,Bat43,5,2700000,35,41,0,0,Rateofchange,0,1
2,1,Bat43,6,2700000,35,41,0,0,Rateofchange,0,1
2,1,Bat43,7,2700000,35,41,0,0,Rateofchange,0,1
2,1,Bat43,8,2700000,35,41,0,0,Rateofchange,0,1
2,1,Bat43,9,2700000,35,41,1,0,Rateofchange,0,1
2,1,Bat43,10,2700000,35,41,1,0,Rateofchange,0,1
2,1,Bat43,11,2700000,35,41,0,0,Rateofchange,0,1
2,1,Bat43,12,2700000,35,41,0,0,Rateofchange,0,1
2,1,Bat101,1,5400000,35,41,0,0,Rateofchange,0,1
2,1,Bat101,2,5400000,35,41,0,0,Rateofchange,0,1
2,1,Bat101,3,5400000,35,41,0,0,Rateofchange,0,1
2,1,Bat101,4,5400000,35,41,0,0,Rateofchange,0,1
2,1,Bat101,5,5400000,35,41,0,0,Rateofchange,0,1
2,1,Bat101,6,5400000,35,41,0,0,Rateofchange,0,1
2,1,Bat101,7,5400000,35,41,0,0,Rateofchange,0,1
2,1,Bat101,8,5400000,35,41,0,0,Rateofchange,0,1
2,1,Bat101,9,5400000,35,41,0,0,Rateofchange,0,1
2,1,Bat101,10,5400000,35,41,0,0,Rateofchange,0,1
2,1,Bat101,11,5400000,35,41,1,0,Rateofchange,0,1
2,1,Bat101,12,5400000,35,41,1,0,Rateofchange,0,1
3,2,Bat64,1,,,,,0,Training,,1
3,2,Bat64,2,,,,,0,Training,,1
3,2,Bat64,3,,,,,0,Training,,1
3,2,Bat64,4,,,,,0,Training,,1
3,2,Bat64,5,,,,,0,Training,,1
3,2,Bat64,6,,,,,0,Training,,1
3,2,Bat64,7,,,,,0,Training,,1
3,2,Bat64,8,,,,,0,Training,,1
3,2,Bat64,9,,,,,0,Training,,1
3,2,Bat64,10,,,,,0,Training,,1
3,2,Bat64,11,,,,,0,Training,,1
3,2,Bat64,12,,,,,0,Training,,1
3,2,Bat22,1,10800000,35,41,0,0,Rateofchange,1,1
3,2,Bat22,2,10800000,35,41,0,0,Rateofchange,1,1
3,2,Bat22,3,10800000,35,41,1,0,Rateofchange,1,1
3,2,Bat22,4,10800000,35,41,1,0,Rateofchange,1,1
3,2,Bat22,5,10800000,35,41,0,0,Rateofchange,1,1
3,2,Bat22,6,10800000,35,41,0,0,Rateofchange,1,1
3,2,Bat22,7,10800000,35,41,0,0,Rateofchange,1,1
3,2,Bat22,8,10800000,35,41,0,0,Rateofchange,1,1
3,2,Bat22,9,10800000,35,41,0,0,Rateofchange,1,1
3,2,Bat22,10,10800000,35,41,0,0,Rateofchange,1,1
3,2,Bat22,11,10800000,35,41,0,0,Rateofchange,1,1
3,2,Bat22,12,10800000,35,41,0,0,Rateofchange,1,1
3,2,Bat51,1,21600000,35,41,0,0,Rateofchange,1,1
3,2,Bat51,2,21600000,35,41,0,0,Rateofchange,1,1
3,2,Bat51,3,21600000,35,41,0,0,Rateofchange,1,1
3,2,Bat51,4,21600000,35,41,0,0,Rateofchange,1,1
3,2,Bat51,5,21600000,35,41,1,0,Rateofchange,1,1
3,2,Bat51,6,21600000,35,41,1,0,Rateofchange,1,1
3,2,Bat51,7,21600000,35,41,0,0,Rateofchange,1,1
3,2,Bat51,8,21600000,35,41,0,0,Rateofchange,1,1
3,2,Bat51,9,21600000,35,41,0,0,Rateofchange,1,1
3,2,Bat51,10,21600000,35,41,0,0,Rateofchange,1,1
3,2,Bat51,11,21600000,35,41,0,0,Rateofchange,1,1
3,2,Bat51,12,21600000,35,41,0,0,Rateofchange,1,1
3,2,Bat45,1,5400000,35,41,0,0,Rateofchange,1,1
3,2,Bat45,2,5400000,35,41,0,0,Rateofchange,1,1
3,2,Bat45,3,5400000,35,41,0,0,Rateofchange,1,1
3,2,Bat45,4,5400000,35,41,0,0,Rateofchange,1,1
3,2,Bat45,5,5400000,35,41,0,0,Rateofchange,1,1
3,2,Bat45,6,5400000,35,41,0,0,Rateofchange,1,1
3,2,Bat45,7,5400000,35,41,1,0,Rateofchange,1,1
3,2,Bat45,8,5400000,35,41,1,0,Rateofchange,1,1
3,2,Bat45,9,5400000,35,41,0,0,Rateofchange,1,1
3,2,Bat45,10,5400000,35,41,0,0,Rateofchange,1,1
3,2,Bat45,11,5400000,35,41,0,0,Rateofchange,1,1
3,2,Bat45,12,5400000,35,41,0,0,Rateofchange,1,1
3,2,Bat43,1,2700000,35,41,0,0,Rateofchange,1,1
3,2,Bat43,2,2700000,35,41,0,0,Rateofchange,1,1
3,2,Bat43,3,2700000,35,41,0,0,Rateofchange,1,1
3,2,Bat43,4,2700000,35,41,0,0,Rateofchange,1,1
3,2,Bat43,5,2700000,35,41,0,0,Rateofchange,1,1
3,2,Bat43,6,2700000,35,41,0,0,Rateofchange,1,1
3,2,Bat43,7,2700000,35,41,0,0,Rateofchange,1,1
3,2,Bat43,8,2700000,35,41,0,0,Rateofchange,1,1
3,2,Bat43,9,2700000,35,41,1,0,Rateofchange,1,1
3,2,Bat43,10,2700000,35,41,1,0,Rateofchange,1,1
3,2,Bat43,11,2700000,35,41,0,0,Rateofchange,1,1
3,2,Bat43,12,2700000,35,41,0,0,Rateofchange,1,1
3,2,Bat101,1,5400000,35,41,0,0,Rateofchange,1,1
3,2,Bat101,2,5400000,35,41,0,0,Rateofchange,1,1
3,2,Bat101,3,5400000,35,41,0,0,Rateofchange,1,1
3,2,Bat101,4,5400000,35,41,0,0,Rateofchange,1,1
3,2,Bat101,5,5400000,35,41,0,0,Rateofchange,1,1
3,2,Bat101,6,5400000,35,41,0,0,Rateofchange,1,1
3,2,Bat101,7,5400000,35,41,0,0,Rateofchange,1,1
3,2,Bat101,8,5400000,35,41,0,0,Rateofchange,1,1
3,2,Bat101,9,5400000,35,41,0,0,Rateofchange,1,1
3,2,Bat101,10,5400000,35,41,0,0,Rateofchange,1,1
3,2,Bat101,11,5400000,35,41,1,0,Rateofchange,1,1
3,2,Bat101,12,5400000,35,41,1,0,Rateofchange,1,1
4,3,Bat64,1,,,,1,0,Training,,1
4,3,Bat64,2,,,,1,0,Training,,1
4,3,Bat64,3,,,,0,0,Training,,1
4,3,Bat64,4,,,,0,0,Training,,1
4,3,Bat64,5,,,,0,0,Training,,1
4,3,Bat64,6,,,,0,0,Training,,1
4,3,Bat64,7,,,,0,0,Training,,1
4,3,Bat64,8,,,,0,0,Training,,1
4,3,Bat64,9,,,,0,0,Training,,1
4,3,Bat64,10,,,,0,0,Training,,1
4,3,Bat64,11,,,,0,0,Training,,1
4,3,Bat64,12,,,,0,0,Training,,1
4,3,Bat22,1,2700000,35,41,0,0,Rateofchange,0,1
4,3,Bat22,2,2700000,35,41,0,0,Rateofchange,0,1
4,3,Bat22,3,2700000,35,41,1,0,Rateofchange,0,1
4,3,Bat22,4,2700000,35,41,1,0,Rateofchange,0,1
4,3,Bat22,5,2700000,35,41,0,0,Rateofchange,0,1
4,3,Bat22,6,2700000,35,41,0,0,Rateofchange,0,1
4,3,Bat22,7,2700000,35,41,0,0,Rateofchange,0,1
4,3,Bat22,8,2700000,35,41,0,0,Rateofchange,0,1
4,3,Bat22,9,2700000,35,41,0,0,Rateofchange,0,1
4,3,Bat22,10,2700000,35,41,0,0,Rateofchange,0,1
4,3,Bat22,11,2700000,35,41,0,0,Rateofchange,0,1
4,3,Bat22,12,2700000,35,41,0,0,Rateofchange,0,1
4,3,Bat51,1,5400000,35,41,0,0,Rateofchange,0,1
4,3,Bat51,2,5400000,35,41,0,0,Rateofchange,0,1
4,3,Bat51,3,5400000,35,41,0,0,Rateofchange,0,1
4,3,Bat51,4,5400000,35,41,0,0,Rateofchange,0,1
4,3,Bat51,5,5400000,35,41,1,0,Rateofchange,0,1
4,3,Bat51,6,5400000,35,41,1,0,Rateofchange,0,1
4,3,Bat51,7,5400000,35,41,0,0,Rateofchange,0,1
4,3,Bat51,8,5400000,35,41,0,0,Rateofchange,0,1
4,3,Bat51,9,5400000,35,41,0,0,Rateofchange,0,1
4,3,Bat51,10,5400000,35,41,0,0,Rateofchange,0,1
4,3,Bat51,11,5400000,35,41,0,0,Rateofchange,0,1
4,3,Bat51,12,5400000,35,41,0,0,Rateofchange,0,1
4,3,Bat45,1,21600000,35,41,0,0,Rateofchange,0,1
4,3,Bat45,2,21600000,35,41,0,0,Rateofchange,0,1
4,3,Bat45,3,21600000,35,41,0,0,Rateofchange,0,1
4,3,Bat45,4,21600000,35,41,0,0,Rateofchange,0,1
4,3,Bat45,5,21600000,35,41,0,0,Rateofchange,0,1
4,3,Bat45,6,21600000,35,41,0,0,Rateofchange,0,1
4,3,Bat45,7,21600000,35,41,1,0,Rateofchange,0,1
4,3,Bat45,8,21600000,35,41,1,0,Rateofchange,0,1
4,3,Bat45,9,21600000,35,41,0,0,Rateofchange,0,1
4,3,Bat45,10,21600000,35,41,0,0,Rateofchange,0,1
4,3,Bat45,11,21600000,35,41,0,0,Rateofchange,0,1
4,3,Bat45,12,21600000,35,41,0,0,Rateofchange,0,1
4,3,Bat43,1,10800000,35,41,0,0,Rateofchange,0,1
4,3,Bat43,2,10800000,35,41,0,0,Rateofchange,0,1
4,3,Bat43,3,10800000,35,41,0,0,Rateofchange,0,1
4,3,Bat43,4,10800000,35,41,0,0,Rateofchange,0,1
4,3,Bat43,5,10800000,35,41,0,0,Rateofchange,0,1
4,3,Bat43,6,10800000,35,41,0,0,Rateofchange,0,1
4,3,Bat43,7,10800000,35,41,0,0,Rateofchange,0,1
4,3,Bat43,8,10800000,35,41,0,0,Rateofchange,0,1
4,3,Bat43,9,10800000,35,41,1,0,Rateofchange,0,1
4,3,Bat43,10,10800000,35,41,1,0,Rateofchange,0,1
4,3,Bat43,11,10800000,35,41,0,0,Rateofchange,0,1
4,3,Bat43,12,10800000,35,41,0,0,Rateofchange,0,1
4,3,Bat101,1,21600000,35,41,0,0,Rateofchange,0,1
4,3,Bat101,2,21600000,35,41,0,0,Rateofchange,0,1
4,3,Bat101,3,21600000,35,41,0,0,Rateofchange,0,1
4,3,Bat101,4,21600000,35,41,0,0,Rateofchange,0,1
4,3,Bat101,5,21600000,35,41,0,0,Rateofchange,0,1
4,3,Bat101,6,21600000,35,41,0,0,Rateofchange,0,1
4,3,Bat101,7,21600000,35,41,0,0,Rateofchange,0,1
4,3,Bat101,8,21600000,35,41,0,0,Rateofchange,0,1
4,3,Bat101,9,21600000,35,41,0,0,Rateofchange,0,1
4,3,Bat101,10,21600000,35,41,0,0,Rateofchange,0,1
4,3,Bat101,11,21600000,35,41,1,0,Rateofchange,0,1
4,3,Bat101,12,21600000,35,41,1,0,Rateofchange,0,1
5,4,Bat22,1,2700000,35,41,0,0,Rateofchange,1,1
5,4,Bat22,2,2700000,35,41,0,0,Rateofchange,1,1
5,4,Bat22,3,2700000,35,41,1,0,Rateofchange,1,1
5,4,Bat22,4,2700000,35,41,1,0,Rateofchange,1,1
5,4,Bat22,5,2700000,35,41,0,0,Rateofchange,1,1
5,4,Bat22,6,2700000,35,41,0,0,Rateofchange,1,1
5,4,Bat22,7,2700000,35,41,0,0,Rateofchange,1,1
5,4,Bat22,8,2700000,35,41,0,0,Rateofchange,1,1
5,4,Bat22,9,2700000,35,41,0,0,Rateofchange,1,1
5,4,Bat22,10,2700000,35,41,0,0,Rateofchange,1,1
5,4,Bat22,11,2700000,35,41,0,0,Rateofchange,1,1
5,4,Bat22,12,2700000,35,41,0,0,Rateofchange,1,1
5,4,Bat51,1,5400000,35,41,0,0,Rateofchange,1,1
5,4,Bat51,2,5400000,35,41,0,0,Rateofchange,1,1
5,4,Bat51,3,5400000,35,41,0,0,Rateofchange,1,1
5,4,Bat51,4,5400000,35,41,0,0,Rateofchange,1,1
5,4,Bat51,5,5400000,35,41,1,0,Rateofchange,1,1
5,4,Bat51,6,5400000,35,41,1,0,Rateofchange,1,1
5,4,Bat51,7,5400000,35,41,0,0,Rateofchange,1,1
5,4,Bat51,8,5400000,35,41,0,0,Rateofchange,1,1
5,4,Bat51,9,5400000,35,41,0,0,Rateofchange,1,1
5,4,Bat51,10,5400000,35,41,0,0,Rateofchange,1,1
5,4,Bat51,11,5400000,35,41,0,0,Rateofchange,1,1
5,4,Bat51,12,5400000,35,41,0,0,Rateofchange,1,1
5,4,Bat45,1,21600000,35,41,0,0,Rateofchange,1,1
5,4,Bat45,2,21600000,35,41,0,0,Rateofchange,1,1
5,4,Bat45,3,21600000,35,41,0,0,Rateofchange,1,1
5,4,Bat45,4,21600000,35,41,0,0,Rateofchange,1,1
5,4,Bat45,5,21600000,35,41,0,0,Rateofchange,1,1
5,4,Bat45,6,21600000,35,41,0,0,Rateofchange,1,1
5,4,Bat45,7,21600000,35,41,1,0,Rateofchange,1,1
5,4,Bat45,8,21600000,35,41,1,0,Rateofchange,1,1
5,4,Bat45,9,21600000,35,41,0,0,Rateofchange,1,1
5,4,Bat45,10,21600000,35,41,0,0,Rateofchange,1,1
5,4,Bat45,11,21600000,35,41,0,0,Rateofchange,1,1
5,4,Bat45,12,21600000,35,41,0,0,Rateofchange,1,1
5,4,Bat43,1,10800000,35,41,0,0,Rateofchange,1,1
5,4,Bat43,2,10800000,35,41,0,0,Rateofchange,1,1
5,4,Bat43,3,10800000,35,41,0,0,Rateofchange,1,1
5,4,Bat43,4,10800000,35,41,0,0,Rateofchange,1,1
5,4,Bat43,5,10800000,35,41,0,0,Rateofchange,1,1
5,4,Bat43,6,10800000,35,41,0,0,Rateofchange,1,1
5,4,Bat43,7,10800000,35,41,0,0,Rateofchange,1,1
5,4,Bat43,8,10800000,35,41,0,0,Rateofchange,1,1
5,4,Bat43,9,10800000,35,41,1,0,Rateofchange,1,1
5,4,Bat43,10,10800000,35,41,1,0,Rateofchange,1,1
5,4,Bat43,11,10800000,35,41,0,0,Rateofchange,1,1
5,4,Bat43,12,10800000,35,41,0,0,Rateofchange,1,1
5,4,Bat101,1,21600000,35,41,0,0,Rateofchange,1,1
5,4,Bat101,2,21600000,35,41,0,0,Rateofchange,1,1
5,4,Bat101,3,21600000,35,41,0,0,Rateofchange,1,1
5,4,Bat101,4,21600000,35,41,0,0,Rateofchange,1,1
5,4,Bat101,5,21600000,35,41,0,0,Rateofchange,1,1
5,4,Bat101,6,21600000,35,41,0,0,Rateofchange,1,1
5,4,Bat101,7,21600000,35,41,0,0,Rateofchange,1,1
5,4,Bat101,8,21600000,35,41,0,0,Rateofchange,1,1
5,4,Bat101,9,21600000,35,41,0,0,Rateofchange,1,1
5,4,Bat101,10,21600000,35,41,0,0,Rateofchange,1,1
5,4,Bat101,11,21600000,35,41,1,0,Rateofchange,1,1
5,4,Bat101,12,21600000,35,41,1,0,Rateofchange,1,1
6,5,Bat22,1,21600000,35,41,0,0,Rateofchange,0,1
6,5,Bat22,2,21600000,35,41,0,0,Rateofchange,0,1
6,5,Bat22,3,21600000,35,41,1,0,Rateofchange,0,1
6,5,Bat22,4,21600000,35,41,1,0,Rateofchange,0,1
6,5,Bat22,5,21600000,35,41,0,0,Rateofchange,0,1
6,5,Bat22,6,21600000,35,41,0,0,Rateofchange,0,1
6,5,Bat22,7,21600000,35,41,0,0,Rateofchange,0,1
6,5,Bat22,8,21600000,35,41,0,0,Rateofchange,0,1
6,5,Bat22,9,21600000,35,41,0,0,Rateofchange,0,1
6,5,Bat22,10,21600000,35,41,0,0,Rateofchange,0,1
6,5,Bat22,11,21600000,35,41,0,0,Rateofchange,0,1
6,5,Bat22,12,21600000,35,41,0,0,Rateofchange,0,1
6,5,Bat51,1,10800000,35,41,0,0,Rateofchange,0,1
6,5,Bat51,2,10800000,35,41,0,0,Rateofchange,0,1
6,5,Bat51,3,10800000,35,41,0,0,Rateofchange,0,1
6,5,Bat51,4,10800000,35,41,0,0,Rateofchange,0,1
6,5,Bat51,5,10800000,35,41,1,0,Rateofchange,0,1
6,5,Bat51,6,10800000,35,41,1,0,Rateofchange,0,1
6,5,Bat51,7,10800000,35,41,0,0,Rateofchange,0,1
6,5,Bat51,8,10800000,35,41,0,0,Rateofchange,0,1
6,5,Bat51,9,10800000,35,41,0,0,Rateofchange,0,1
6,5,Bat51,10,10800000,35,41,0,0,Rateofchange,0,1
6,5,Bat51,11,10800000,35,41,0,0,Rateofchange,0,1
6,5,Bat51,12,10800000,35,41,0,0,Rateofchange,0,1
6,5,Bat45,1,2700000,35,41,0,0,Rateofchange,0,1
6,5,Bat45,2,2700000,35,41,0,0,Rateofchange,0,1
6,5,Bat45,3,2700000,35,41,0,0,Rateofchange,0,1
6,5,Bat45,4,2700000,35,41,0,0,Rateofchange,0,1
6,5,Bat45,5,2700000,35,41,0,0,Rateofchange,0,1
6,5,Bat45,6,2700000,35,41,0,0,Rateofchange,0,1
6,5,Bat45,7,2700000,35,41,1,0,Rateofchange,0,1
6,5,Bat45,8,2700000,35,41,1,0,Rateofchange,0,1
6,5,Bat45,9,2700000,35,41,0,0,Rateofchange,0,1
6,5,Bat45,10,2700000,35,41,0,0,Rateofchange,0,1
6,5,Bat45,11,2700000,35,41,0,0,Rateofchange,0,1
6,5,Bat45,12,2700000,35,41,0,0,Rateofchange,0,1
6,5,Bat43,1,21600000,35,41,0,0,Rateofchange,0,1
6,5,Bat43,2,21600000,35,41,0,0,Rateofchange,0,1
6,5,Bat43,3,21600000,35,41,0,0,Rateofchange,0,1
6,5,Bat43,4,21600000,35,41,0,0,Rateofchange,0,1
6,5,Bat43,5,21600000,35,41,0,0,Rateofchange,0,1
6,5,Bat43,6,21600000,35,41,0,0,Rateofchange,0,1
6,5,Bat43,7,21600000,35,41,0,0,Rateofchange,0,1
6,5,Bat43,8,21600000,35,41,0,0,Rateofchange,0,1
6,5,Bat43,9,21600000,35,41,1,0,Rateofchange,0,1
6,5,Bat43,10,21600000,35,41,1,0,Rateofchange,0,1
6,5,Bat43,11,21600000,35,41,0,0,Rateofchange,0,1
6,5,Bat43,12,21600000,35,41,0,0,Rateofchange,0,1
6,5,Bat101,1,2700000,35,41,0,0,Rateofchange,0,1
6,5,Bat101,2,2700000,35,41,0,0,Rateofchange,0,1
6,5,Bat101,3,2700000,35,41,0,0,Rateofchange,0,1
6,5,Bat101,4,2700000,35,41,0,0,Rateofchange,0,1
6,5,Bat101,5,2700000,35,41,0,0,Rateofchange,0,1
6,5,Bat101,6,2700000,35,41,0,0,Rateofchange,0,1
6,5,Bat101,7,2700000,35,41,0,0,Rateofchange,0,1
6,5,Bat101,8,2700000,35,41,0,0,Rateofchange,0,1
6,5,Bat101,9,2700000,35,41,0,0,Rateofchange,0,1
6,5,Bat101,10,2700000,35,41,0,0,Rateofchange,0,1
6,5,Bat101,11,2700000,35,41,1,0,Rateofchange,0,1
6,5,Bat101,12,2700000,35,41,1,0,Rateofchange,0,1
7,6,Bat22,1,21600000,35,41,0,0,Rateofchange,1,1
7,6,Bat22,2,21600000,35,41,0,0,Rateofchange,1,1
7,6,Bat22,3,21600000,35,41,1,0,Rateofchange,1,1
7,6,Bat22,4,21600000,35,41,1,0,Rateofchange,1,1
7,6,Bat22,5,21600000,35,41,0,0,Rateofchange,1,1
7,6,Bat22,6,21600000,35,41,0,0,Rateofchange,1,1
7,6,Bat22,7,21600000,35,41,0,0,Rateofchange,1,1
7,6,Bat22,8,21600000,35,41,0,0,Rateofchange,1,1
7,6,Bat22,9,21600000,35,41,0,0,Rateofchange,1,1
7,6,Bat22,10,21600000,35,41,0,0,Rateofchange,1,1
7,6,Bat22,11,21600000,35,41,0,0,Rateofchange,1,1
7,6,Bat22,12,21600000,35,41,0,0,Rateofchange,1,1
7,6,Bat51,1,10800000,35,41,0,0,Rateofchange,1,1
7,6,Bat51,2,10800000,35,41,0,0,Rateofchange,1,1
7,6,Bat51,3,10800000,35,41,0,0,Rateofchange,1,1
7,6,Bat51,4,10800000,35,41,0,0,Rateofchange,1,1
7,6,Bat51,5,10800000,35,41,1,0,Rateofchange,1,1
7,6,Bat51,6,10800000,35,41,1,0,Rateofchange,1,1
7,6,Bat51,7,10800000,35,41,0,0,Rateofchange,1,1
7,6,Bat51,8,10800000,35,41,0,0,Rateofchange,1,1
7,6,Bat51,9,10800000,35,41,0,0,Rateofchange,1,1
7,6,Bat51,10,10800000,35,41,0,0,Rateofchange,1,1
7,6,Bat51,11,10800000,35,41,0,0,Rateofchange,1,1
7,6,Bat51,12,10800000,35,41,0,0,Rateofchange,1,1
7,6,Bat45,1,2700000,35,41,0,0,Rateofchange,1,1
7,6,Bat45,2,2700000,35,41,0,0,Rateofchange,1,1
7,6,Bat45,3,2700000,35,41,0,0,Rateofchange,1,1
7,6,Bat45,4,2700000,35,41,0,0,Rateofchange,1,1
7,6,Bat45,5,2700000,35,41,0,0,Rateofchange,1,1
7,6,Bat45,6,2700000,35,41,0,0,Rateofchange,1,1
7,6,Bat45,7,2700000,35,41,1,0,Rateofchange,1,1
7,6,Bat45,8,2700000,35,41,1,0,Rateofchange,1,1
7,6,Bat45,9,2700000,35,41,0,0,Rateofchange,1,1
7,6,Bat45,10,2700000,35,41,0,0,Rateofchange,1,1
7,6,Bat45,11,2700000,35,41,0,0,Rateofchange,1,1
7,6,Bat45,12,2700000,35,41,0,0,Rateofchange,1,1
7,6,Bat43,1,21600000,35,41,0,0,Rateofchange,1,1
7,6,Bat43,2,21600000,35,41,0,0,Rateofchange,1,1
7,6,Bat43,3,21600000,35,41,0,0,Rateofchange,1,1
7,6,Bat43,4,21600000,35,41,0,0,Rateofchange,1,1
7,6,Bat43,5,21600000,35,41,0,0,Rateofchange,1,1
7,6,Bat43,6,21600000,35,41,0,0,Rateofchange,1,1
7,6,Bat43,7,21600000,35,41,0,0,Rateofchange,1,1
7,6,Bat43,8,21600000,35,41,0,0,Rateofchange,1,1
7,6,Bat43,9,21600000,35,41,1,0,Rateofchange,1,1
7,6,Bat43,10,21600000,35,41,1,0,Rateofchange,1,1
7,6,Bat43,11,21600000,35,41,0,0,Rateofchange,1,1
7,6,Bat43,12,21600000,35,41,0,0,Rateofchange,1,1
7,6,Bat101,1,2700000,35,41,0,0,Rateofchange,1,1
7,6,Bat101,2,2700000,35,41,0,0,Rateofchange,1,1
7,6,Bat101,3,2700000,35,41,0,0,Rateofchange,1,1
7,6,Bat101,4,2700000,35,41,0,0,Rateofchange,1,1
7,6,Bat101,5,2700000,35,41,0,0,Rateofchange,1,1
7,6,Bat101,6,2700000,35,41,0,0,Rateofchange,1,1
7,6,Bat101,7,2700000,35,41,0,0,Rateofchange,1,1
7,6,Bat101,8,2700000,35,41,0,0,Rateofchange,1,1
7,6,Bat101,9,2700000,35,41,0,0,Rateofchange,1,1
7,6,Bat101,10,2700000,35,41,0,0,Rateofchange,1,1
7,6,Bat101,11,2700000,35,41,1,0,Rateofchange,1,1
7,6,Bat101,12,2700000,35,41,1,0,Rateofchange,1,1
8,7,Bat22,1,5400000,35,41,0,0,Rateofchange,0,1
8,7,Bat22,2,5400000,35,41,0,0,Rateofchange,0,1
8,7,Bat22,3,5400000,35,41,1,0,Rateofchange,0,1
8,7,Bat22,4,5400000,35,41,1,0,Rateofchange,0,1
8,7,Bat22,5,5400000,35,41,0,0,Rateofchange,0,1
8,7,Bat22,6,5400000,35,41,0,0,Rateofchange,0,1
8,7,Bat22,7,5400000,35,41,0,0,Rateofchange,0,1
8,7,Bat22,8,5400000,35,41,0,0,Rateofchange,0,1
8,7,Bat22,9,5400000,35,41,0,0,Rateofchange,0,1
8,7,Bat22,10,5400000,35,41,0,0,Rateofchange,0,1
8,7,Bat22,11,5400000,35,41,0,0,Rateofchange,0,1
8,7,Bat22,12,5400000,35,41,0,0,Rateofchange,0,1
8,7,Bat45,1,10800000,35,41,0,0,Rateofchange,0,1
8,7,Bat45,2,10800000,35,41,0,0,Rateofchange,0,1
8,7,Bat45,3,10800000,35,41,0,0,Rateofchange,0,1
8,7,Bat45,4,10800000,35,41,0,0,Rateofchange,0,1
8,7,Bat45,5,10800000,35,41,0,0,Rateofchange,0,1
8,7,Bat45,6,10800000,35,41,0,0,Rateofchange,0,1
8,7,Bat45,7,10800000,35,41,1,0,Rateofchange,0,1
8,7,Bat45,8,10800000,35,41,1,0,Rateofchange,0,1
8,7,Bat45,9,10800000,35,41,0,0,Rateofchange,0,1
8,7,Bat45,10,10800000,35,41,0,0,Rateofchange,0,1
8,7,Bat45,11,10800000,35,41,0,0,Rateofchange,0,1
8,7,Bat45,12,10800000,35,41,0,0,Rateofchange,0,1
8,7,Bat43,1,5400000,35,41,0,0,Rateofchange,0,1
8,7,Bat43,2,5400000,35,41,0,0,Rateofchange,0,1
8,7,Bat43,3,5400000,35,41,0,0,Rateofchange,0,1
8,7,Bat43,4,5400000,35,41,0,0,Rateofchange,0,1
8,7,Bat43,5,5400000,35,41,0,0,Rateofchange,0,1
8,7,Bat43,6,5400000,35,41,0,0,Rateofchange,0,1
8,7,Bat43,7,5400000,35,41,0,0,Rateofchange,0,1
8,7,Bat43,8,5400000,35,41,0,0,Rateofchange,0,1
8,7,Bat43,9,5400000,35,41,1,0,Rateofchange,0,1
8,7,Bat43,10,5400000,35,41,1,0,Rateofchange,0,1
8,7,Bat43,11,5400000,35,41,0,0,Rateofchange,0,1
8,7,Bat43,12,5400000,35,41,0,0,Rateofchange,0,1
8,7,Bat101,1,10800000,35,41,0,0,Rateofchange,0,1
8,7,Bat101,2,10800000,35,41,0,0,Rateofchange,0,1
8,7,Bat101,3,10800000,35,41,0,0,Rateofchange,0,1
8,7,Bat101,4,10800000,35,41,0,0,Rateofchange,0,1
8,7,Bat101,5,10800000,35,41,0,0,Rateofchange,0,1
8,7,Bat101,6,10800000,35,41,0,0,Rateofchange,0,1
8,7,Bat101,7,10800000,35,41,0,0,Rateofchange,0,1
8,7,Bat101,8,10800000,35,41,0,0,Rateofchange,0,1
8,7,Bat101,9,10800000,35,41,0,0,Rateofchange,0,1
8,7,Bat101,10,10800000,35,41,0,0,Rateofchange,0,1
8,7,Bat101,11,10800000,35,41,1,0,Rateofchange,0,1
8,7,Bat101,12,10800000,35,41,1,0,Rateofchange,0,1
9,8,Bat22,1,5400000,35,41,0,0,Rateofchange,1,1
9,8,Bat22,2,5400000,35,41,0,0,Rateofchange,1,1
9,8,Bat22,3,5400000,35,41,1,0,Rateofchange,1,1
9,8,Bat22,4,5400000,35,41,1,0,Rateofchange,1,1
9,8,Bat22,5,5400000,35,41,0,0,Rateofchange,1,1
9,8,Bat22,6,5400000,35,41,0,0,Rateofchange,1,1
9,8,Bat22,7,5400000,35,41,0,0,Rateofchange,1,1
9,8,Bat22,8,5400000,35,41,0,0,Rateofchange,1,1
9,8,Bat22,9,5400000,35,41,0,0,Rateofchange,1,1
9,8,Bat22,10,5400000,35,41,0,0,Rateofchange,1,1
9,8,Bat22,11,5400000,35,41,0,0,Rateofchange,1,1
9,8,Bat22,12,5400000,35,41,0,0,Rateofchange,1,1
9,8,Bat45,1,10800000,35,41,0,0,Rateofchange,1,1
9,8,Bat45,2,10800000,35,41,0,0,Rateofchange,1,1
9,8,Bat45,3,10800000,35,41,0,0,Rateofchange,1,1
9,8,Bat45,4,10800000,35,41,0,0,Rateofchange,1,1
9,8,Bat45,5,10800000,35,41,0,0,Rateofchange,1,1
9,8,Bat45,6,10800000,35,41,0,0,Rateofchange,1,1
9,8,Bat45,7,10800000,35,41,1,0,Rateofchange,1,1
9,8,Bat45,8,10800000,35,41,1,0,Rateofchange,1,1
9,8,Bat45,9,10800000,35,41,0,0,Rateofchange,1,1
9,8,Bat45,10,10800000,35,41,0,0,Rateofchange,1,1
9,8,Bat45,11,10800000,35,41,0,0,Rateofchange,1,1
9,8,Bat45,12,10800000,35,41,0,0,Rateofchange,1,1
9,8,Bat43,1,5400000,35,41,0,0,Rateofchange,1,1
9,8,Bat43,2,5400000,35,41,0,0,Rateofchange,1,1
9,8,Bat43,3,5400000,35,41,0,0,Rateofchange,1,1
9,8,Bat43,4,5400000,35,41,0,0,Rateofchange,1,1
9,8,Bat43,5,5400000,35,41,0,0,Rateofchange,1,1
9,8,Bat43,6,5400000,35,41,0,0,Rateofchange,1,1
9,8,Bat43,7,5400000,35,41,0,0,Rateofchange,1,1
9,8,Bat43,8,5400000,35,41,0,0,Rateofchange,1,1
9,8,Bat43,9,5400000,35,41,1,0,Rateofchange,1,1
9,8,Bat43,10,5400000,35,41,1,0,Rateofchange,1,1
9,8,Bat43,11,5400000,35,41,0,0,Rateofchange,1,1
9,8,Bat43,12,5400000,35,41,0,0,Rateofchange,1,1
9,8,Bat101,1,10800000,35,41,0,0,Rateofchange,1,1
9,8,Bat101,2,10800000,35,41,0,0,Rateofchange,1,1
9,8,Bat101,3,10800000,35,41,0,0,Rateofchange,1,1
9,8,Bat101,4,10800000,35,41,0,0,Rateofchange,1,1
9,8,Bat101,5,10800000,35,41,0,0,Rateofchange,1,1
9,8,Bat101,6,10800000,35,41,0,0,Rateofchange,1,1
9,8,Bat101,7,10800000,35,41,0,0,Rateofchange,1,1
9,8,Bat101,8,10800000,35,41,0,0,Rateofchange,1,1
9,8,Bat101,9,10800000,35,41,0,0,Rateofchange,1,1
9,8,Bat101,10,10800000,35,41,0,0,Rateofchange,1,1
9,8,Bat101,11,10800000,35,41,1,0,Rateofchange,1,1
9,8,Bat101,12,10800000,35,41,1,0,Rateofchange,1,1
10,0,Bat67,1,,,,1,0,Training,,2
10,0,Bat67,2,,,,1,0,Training,,2
10,0,Bat67,3,,,,0,0,Training,,2
10,0,Bat67,4,,,,0,0,Training,,2
10,0,Bat67,5,,,,0,0,Training,,2
10,0,Bat67,6,,,,0,0,Training,,2
10,0,Bat67,7,,,,0,0,Training,,2
10,0,Bat67,8,,,,0,0,Training,,2
10,0,Bat67,9,,,,0,0,Training,,2
10,0,Bat67,10,,,,0,0,Training,,2
10,0,Bat67,11,,,,0,0,Training,,2
10,0,Bat67,12,,,,0,0,Training,,2
10,0,Bat16,1,,,,0,0,Training,,2
10,0,Bat16,2,,,,0,0,Training,,2
10,0,Bat16,3,,,,1,0,Training,,2
10,0,Bat16,4,,,,1,0,Training,,2
10,0,Bat16,5,,,,0,0,Training,,2
10,0,Bat16,6,,,,0,0,Training,,2
10,0,Bat16,7,,,,0,0,Training,,2
10,0,Bat16,8,,,,0,0,Training,,2
10,0,Bat16,9,,,,0,0,Training,,2
10,0,Bat16,10,,,,0,0,Training,,2
10,0,Bat16,11,,,,0,0,Training,,2
10,0,Bat16,12,,,,0,0,Training,,2
10,0,Bat30,1,,,,0,0,Training,,2
10,0,Bat30,2,,,,0,0,Training,,2
10,0,Bat30,3,,,,0,0,Training,,2
10,0,Bat30,4,,,,0,0,Training,,2
10,0,Bat30,5,,,,1,0,Training,,2
10,0,Bat30,6,,,,1,0,Training,,2
10,0,Bat30,7,,,,0,0,Training,,2
10,0,Bat30,8,,,,0,0,Training,,2
10,0,Bat30,9,,,,0,0,Training,,2
10,0,Bat30,10,,,,0,0,Training,,2
10,0,Bat30,11,,,,0,0,Training,,2
10,0,Bat30,12,,,,0,0,Training,,2
10,0,Bat95,1,,,,0,0,Training,,2
10,0,Bat95,2,,,,0,0,Training,,2
10,0,Bat95,3,,,,0,0,Training,,2
10,0,Bat95,4,,,,0,0,Training,,2
10,0,Bat95,5,,,,0,0,Training,,2
10,0,Bat95,6,,,,0,0,Training,,2
10,0,Bat95,7,,,,1,0,Training,,2
10,0,Bat95,8,,,,1,0,Training,,2
10,0,Bat95,9,,,,0,0,Training,,2
10,0,Bat95,10,,,,0,0,Training,,2
10,0,Bat95,11,,,,0,0,Training,,2
10,0,Bat95,12,,,,0,0,Training,,2
10,0,Bat77,1,,,,0,0,Training,,2
10,0,Bat77,2,,,,0,0,Training,,2
10,0,Bat77,3,,,,0,0,Training,,2
10,0,Bat77,4,,,,0,0,Training,,2
10,0,Bat77,5,,,,0,0,Training,,2
10,0,Bat77,6,,,,0,0,Training,,2
10,0,Bat77,7,,,,0,0,Training,,2
10,0,Bat77,8,,,,0,0,Training,,2
10,0,Bat77,9,,,,1,0,Training,,2
10,0,Bat77,10,,,,1,0,Training,,2
10,0,Bat77,11,,,,0,0,Training,,2
10,0,Bat77,12,,,,0,0,Training,,2
10,0,Bat87,1,,,,0,0,Training,,2
10,0,Bat87,2,,,,0,0,Training,,2
10,0,Bat87,3,,,,0,0,Training,,2
10,0,Bat87,4,,,,0,0,Training,,2
10,0,Bat87,5,,,,0,0,Training,,2
10,0,Bat87,6,,,,0,0,Training,,2
10,0,Bat87,7,,,,0,0,Training,,2
10,0,Bat87,8,,,,0,0,Training,,2
10,0,Bat87,9,,,,0,0,Training,,2
10,0,Bat87,10,,,,0,0,Training,,2
10,0,Bat87,11,,,,1,0,Training,,2
10,0,Bat87,12,,,,1,0,Training,,2
11,1,Bat67,1,21600000,35,41,1,0,Rateofchange,0,2
11,1,Bat67,2,21600000,35,41,1,0,Rateofchange,0,2
11,1,Bat67,3,21600000,35,41,0,0,Rateofchange,0,2
11,1,Bat67,4,21600000,35,41,0,0,Rateofchange,0,2
11,1,Bat67,5,21600000,35,41,0,0,Rateofchange,0,2
11,1,Bat67,6,21600000,35,41,0,0,Rateofchange,0,2
11,1,Bat67,7,21600000,35,41,0,0,Rateofchange,0,2
11,1,Bat67,8,21600000,35,41,0,0,Rateofchange,0,2
11,1,Bat67,9,21600000,35,41,0,0,Rateofchange,0,2
11,1,Bat67,10,21600000,35,41,0,0,Rateofchange,0,2
11,1,Bat67,11,21600000,35,41,0,0,Rateofchange,0,2
11,1,Bat67,12,21600000,35,41,0,0,Rateofchange,0,2
11,1,Bat16,1,10800000,35,41,0,0,Rateofchange,0,2
11,1,Bat16,2,10800000,35,41,0,0,Rateofchange,0,2
11,1,Bat16,3,10800000,35,41,1,0,Rateofchange,0,2
11,1,Bat16,4,10800000,35,41,1,0,Rateofchange,0,2
11,1,Bat16,5,10800000,35,41,0,0,Rateofchange,0,2
11,1,Bat16,6,10800000,35,41,0,0,Rateofchange,0,2
11,1,Bat16,7,10800000,35,41,0,0,Rateofchange,0,2
11,1,Bat16,8,10800000,35,41,0,0,Rateofchange,0,2
11,1,Bat16,9,10800000,35,41,0,0,Rateofchange,0,2
11,1,Bat16,10,10800000,35,41,0,0,Rateofchange,0,2
11,1,Bat16,11,10800000,35,41,0,0,Rateofchange,0,2
11,1,Bat16,12,10800000,35,41,0,0,Rateofchange,0,2
11,1,Bat30,1,2700000,35,41,0,0,Rateofchange,0,2
11,1,Bat30,2,2700000,35,41,0,0,Rateofchange,0,2
11,1,Bat30,3,2700000,35,41,0,0,Rateofchange,0,2
11,1,Bat30,4,2700000,35,41,0,0,Rateofchange,0,2
11,1,Bat30,5,2700000,35,41,1,0,Rateofchange,0,2
11,1,Bat30,6,2700000,35,41,1,0,Rateofchange,0,2
11,1,Bat30,7,2700000,35,41,0,0,Rateofchange,0,2
11,1,Bat30,8,2700000,35,41,0,0,Rateofchange,0,2
11,1,Bat30,9,2700000,35,41,0,0,Rateofchange,0,2
11,1,Bat30,10,2700000,35,41,0,0,Rateofchange,0,2
11,1,Bat30,11,2700000,35,41,0,0,Rateofchange,0,2
11,1,Bat30,12,2700000,35,41,0,0,Rateofchange,0,2
11,1,Bat95,1,5400000,35,41,0,0,Rateofchange,0,2
11,1,Bat95,2,5400000,35,41,0,0,Rateofchange,0,2
11,1,Bat95,3,5400000,35,41,0,0,Rateofchange,0,2
11,1,Bat95,4,5400000,35,41,0,0,Rateofchange,0,2
11,1,Bat95,5,5400000,35,41,0,0,Rateofchange,0,2
11,1,Bat95,6,5400000,35,41,0,0,Rateofchange,0,2
11,1,Bat95,7,5400000,35,41,1,0,Rateofchange,0,2
11,1,Bat95,8,5400000,35,41,1,0,Rateofchange,0,2
11,1,Bat95,9,5400000,35,41,0,0,Rateofchange,0,2
11,1,Bat95,10,5400000,35,41,0,0,Rateofchange,0,2
11,1,Bat95,11,5400000,35,41,0,0,Rateofchange,0,2
11,1,Bat95,12,5400000,35,41,0,0,Rateofchange,0,2
11,1,Bat77,1,21600000,35,41,0,0,Rateofchange,0,2
11,1,Bat77,2,21600000,35,41,0,0,Rateofchange,0,2
11,1,Bat77,3,21600000,35,41,0,0,Rateofchange,0,2
11,1,Bat77,4,21600000,35,41,0,0,Rateofchange,0,2
11,1,Bat77,5,21600000,35,41,0,0,Rateofchange,0,2
11,1,Bat77,6,21600000,35,41,0,0,Rateofchange,0,2
11,1,Bat77,7,21600000,35,41,0,0,Rateofchange,0,2
11,1,Bat77,8,21600000,35,41,0,0,Rateofchange,0,2
11,1,Bat77,9,21600000,35,41,1,0,Rateofchange,0,2
11,1,Bat77,10,21600000,35,41,1,0,Rateofchange,0,2
11,1,Bat77,11,21600000,35,41,0,0,Rateofchange,0,2
11,1,Bat77,12,21600000,35,41,0,0,Rateofchange,0,2
11,1,Bat87,1,10800000,35,41,0,0,Rateofchange,0,2
11,1,Bat87,2,10800000,35,41,0,0,Rateofchange,0,2
11,1,Bat87,3,10800000,35,41,0,0,Rateofchange,0,2
11,1,Bat87,4,10800000,35,41,0,0,Rateofchange,0,2
11,1,Bat87,5,10800000,35,41,0,0,Rateofchange,0,2
11,1,Bat87,6,10800000,35,41,0,0,Rateofchange,0,2
11,1,Bat87,7,10800000,35,41,0,0,Rateofchange,0,2
11,1,Bat87,8,10800000,35,41,0,0,Rateofchange,0,2
11,1,Bat87,9,10800000,35,41,0,0,Rateofchange,0,2
11,1,Bat87,10,10800000,35,41,0,0,Rateofchange,0,2
11,1,Bat87,11,10800000,35,41,1,0,Rateofchange,0,2
11,1,Bat87,12,10800000,35,41,1,0,Rateofchange,0,2
12,2,Bat67,1,21600000,35,41,1,0,Rateofchange,1,2
12,2,Bat67,2,21600000,35,41,1,0,Rateofchange,1,2
12,2,Bat67,3,21600000,35,41,0,0,Rateofchange,1,2
12,2,Bat67,4,21600000,35,41,0,0,Rateofchange,1,2
12,2,Bat67,5,21600000,35,41,0,0,Rateofchange,1,2
12,2,Bat67,6,21600000,35,41,0,0,Rateofchange,1,2
12,2,Bat67,7,21600000,35,41,0,0,Rateofchange,1,2
12,2,Bat67,8,21600000,35,41,0,0,Rateofchange,1,2
12,2,Bat67,9,21600000,35,41,0,0,Rateofchange,1,2
12,2,Bat67,10,21600000,35,41,0,0,Rateofchange,1,2
12,2,Bat67,11,21600000,35,41,0,0,Rateofchange,1,2
12,2,Bat67,12,21600000,35,41,0,0,Rateofchange,1,2
12,2,Bat16,1,10800000,35,41,0,0,Rateofchange,1,2
12,2,Bat16,2,10800000,35,41,0,0,Rateofchange,1,2
12,2,Bat16,3,10800000,35,41,1,0,Rateofchange,1,2
12,2,Bat16,4,10800000,35,41,1,0,Rateofchange,1,2
12,2,Bat16,5,10800000,35,41,0,0,Rateofchange,1,2
12,2,Bat16,6,10800000,35,41,0,0,Rateofchange,1,2
12,2,Bat16,7,10800000,35,41,0,0,Rateofchange,1,2
12,2,Bat16,8,10800000,35,41,0,0,Rateofchange,1,2
12,2,Bat16,9,10800000,35,41,0,0,Rateofchange,1,2
12,2,Bat16,10,10800000,35,41,0,0,Rateofchange,1,2
12,2,Bat16,11,10800000,35,41,0,0,Rateofchange,1,2
12,2,Bat16,12,10800000,35,41,0,0,Rateofchange,1,2
12,2,Bat30,1,2700000,35,41,0,0,Rateofchange,1,2
12,2,Bat30,2,2700000,35,41,0,0,Rateofchange,1,2
12,2,Bat30,3,2700000,35,41,0,0,Rateofchange,1,2
12,2,Bat30,4,2700000,35,41,0,0,Rateofchange,1,2
12,2,Bat30,5,2700000,35,41,1,0,Rateofchange,1,2
12,2,Bat30,6,2700000,35,41,1,0,Rateofchange,1,2
12,2,Bat30,7,2700000,35,41,0,0,Rateofchange,1,2
12,2,Bat30,8,2700000,35,41,0,0,Rateofchange,1,2
12,2,Bat30,9,2700000,35,41,0,0,Rateofchange,1,2
12,2,Bat30,10,2700000,35,41,0,0,Rateofchange,1,2
12,2,Bat30,11,2700000,35,41,0,0,Rateofchange,1,2
12,2,Bat30,12,2700000,35,41,0,0,Rateofchange,1,2
12,2,Bat95,1,5400000,35,41,0,0,Rateofchange,1,2
12,2,Bat95,2,5400000,35,41,0,0,Rateofchange,1,2
12,2,Bat95,3,5400000,35,41,0,0,Rateofchange,1,2
12,2,Bat95,4,5400000,35,41,0,0,Rateofchange,1,2
12,2,Bat95,5,5400000,35,41,0,0,Rateofchange,1,2
12,2,Bat95,6,5400000,35,41,0,0,Rateofchange,1,2
12,2,Bat95,7,5400000,35,41,1,0,Rateofchange,1,2
12,2,Bat95,8,5400000,35,41,1,0,Rateofchange,1,2
12,2,Bat95,9,5400000,35,41,0,0,Rateofchange,1,2
12,2,Bat95,10,5400000,35,41,0,0,Rateofchange,1,2
12,2,Bat95,11,5400000,35,41,0,0,Rateofchange,1,2
12,2,Bat95,12,5400000,35,41,0,0,Rateofchange,1,2
12,2,Bat77,1,21600000,35,41,0,0,Rateofchange,1,2
12,2,Bat77,2,21600000,35,41,0,0,Rateofchange,1,2
12,2,Bat77,3,21600000,35,41,0,0,Rateofchange,1,2
12,2,Bat77,4,21600000,35,41,0,0,Rateofchange,1,2
12,2,Bat77,5,21600000,35,41,0,0,Rateofchange,1,2
12,2,Bat77,6,21600000,35,41,0,0,Rateofchange,1,2
12,2,Bat77,7,21600000,35,41,0,0,Rateofchange,1,2
12,2,Bat77,8,21600000,35,41,0,0,Rateofchange,1,2
12,2,Bat77,9,21600000,35,41,1,0,Rateofchange,1,2
12,2,Bat77,10,21600000,35,41,1,0,Rateofchange,1,2
12,2,Bat77,11,21600000,35,41,0,0,Rateofchange,1,2
12,2,Bat77,12,21600000,35,41,0,0,Rateofchange,1,2
12,2,Bat87,1,10800000,35,41,0,0,Rateofchange,1,2
12,2,Bat87,2,10800000,35,41,0,0,Rateofchange,1,2
12,2,Bat87,3,10800000,35,41,0,0,Rateofchange,1,2
12,2,Bat87,4,10800000,35,41,0,0,Rateofchange,1,2
12,2,Bat87,5,10800000,35,41,0,0,Rateofchange,1,2
12,2,Bat87,6,10800000,35,41,0,0,Rateofchange,1,2
12,2,Bat87,7,10800000,35,41,0,0,Rateofchange,1,2
12,2,Bat87,8,10800000,35,41,0,0,Rateofchange,1,2
12,2,Bat87,9,10800000,35,41,0,0,Rateofchange,1,2
12,2,Bat87,10,10800000,35,41,0,0,Rateofchange,1,2
12,2,Bat87,11,10800000,35,41,1,0,Rateofchange,1,2
12,2,Bat87,12,10800000,35,41,1,0,Rateofchange,1,2
13,3,Bat67,1,5400000,35,41,1,0,Rateofchange,0,2
13,3,Bat67,2,5400000,35,41,1,0,Rateofchange,0,2
13,3,Bat67,3,5400000,35,41,0,0,Rateofchange,0,2
13,3,Bat67,4,5400000,35,41,0,0,Rateofchange,0,2
13,3,Bat67,5,5400000,35,41,0,0,Rateofchange,0,2
13,3,Bat67,6,5400000,35,41,0,0,Rateofchange,0,2
13,3,Bat67,7,5400000,35,41,0,0,Rateofchange,0,2
13,3,Bat67,8,5400000,35,41,0,0,Rateofchange,0,2
13,3,Bat67,9,5400000,35,41,0,0,Rateofchange,0,2
13,3,Bat67,10,5400000,35,41,0,0,Rateofchange,0,2
13,3,Bat67,11,5400000,35,41,0,0,Rateofchange,0,2
13,3,Bat67,12,5400000,35,41,0,0,Rateofchange,0,2
13,3,Bat16,1,21600000,35,41,0,0,Rateofchange,0,2
13,3,Bat16,2,21600000,35,41,0,0,Rateofchange,0,2
13,3,Bat16,3,21600000,35,41,1,0,Rateofchange,0,2
13,3,Bat16,4,21600000,35,41,1,0,Rateofchange,0,2
13,3,Bat16,5,21600000,35,41,0,0,Rateofchange,0,2
13,3,Bat16,6,21600000,35,41,0,0,Rateofchange,0,2
13,3,Bat16,7,21600000,35,41,0,0,Rateofchange,0,2
13,3,Bat16,8,21600000,35,41,0,0,Rateofchange,0,2
13,3,Bat16,9,21600000,35,41,0,0,Rateofchange,0,2
13,3,Bat16,10,21600000,35,41,0,0,Rateofchange,0,2
13,3,Bat16,11,21600000,35,41,0,0,Rateofchange,0,2
13,3,Bat16,12,21600000,35,41,0,0,Rateofchange,0,2
13,3,Bat30,1,10800000,35,41,0,0,Rateofchange,0,2
13,3,Bat30,2,10800000,35,41,0,0,Rateofchange,0,2
13,3,Bat30,3,10800000,35,41,0,0,Rateofchange,0,2
13,3,Bat30,4,10800000,35,41,0,0,Rateofchange,0,2
13,3,Bat30,5,10800000,35,41,1,0,Rateofchange,0,2
13,3,Bat30,6,10800000,35,41,1,0,Rateofchange,0,2
13,3,Bat30,7,10800000,35,41,0,0,Rateofchange,0,2
13,3,Bat30,8,10800000,35,41,0,0,Rateofchange,0,2
13,3,Bat30,9,10800000,35,41,0,0,Rateofchange,0,2
13,3,Bat30,10,10800000,35,41,0,0,Rateofchange,0,2
13,3,Bat30,11,10800000,35,41,0,0,Rateofchange,0,2
13,3,Bat30,12,10800000,35,41,0,0,Rateofchange,0,2
13,3,Bat95,1,2700000,35,41,0,0,Rateofchange,0,2
13,3,Bat95,2,2700000,35,41,0,0,Rateofchange,0,2
13,3,Bat95,3,2700000,35,41,0,0,Rateofchange,0,2
13,3,Bat95,4,2700000,35,41,0,0,Rateofchange,0,2
13,3,Bat95,5,2700000,35,41,0,0,Rateofchange,0,2
13,3,Bat95,6,2700000,35,41,0,0,Rateofchange,0,2
13,3,Bat95,7,2700000,35,41,1,0,Rateofchange,0,2
13,3,Bat95,8,2700000,35,41,1,0,Rateofchange,0,2
13,3,Bat95,9,2700000,35,41,0,0,Rateofchange,0,2
13,3,Bat95,10,2700000,35,41,0,0,Rateofchange,0,2
13,3,Bat95,11,2700000,35,41,0,0,Rateofchange,0,2
13,3,Bat95,12,2700000,35,41,0,0,Rateofchange,0,2
13,3,Bat77,1,5400000,35,41,0,0,Rateofchange,0,2
13,3,Bat77,2,5400000,35,41,0,0,Rateofchange,0,2
13,3,Bat77,3,5400000,35,41,0,0,Rateofchange,0,2
13,3,Bat77,4,5400000,35,41,0,0,Rateofchange,0,2
13,3,Bat77,5,5400000,35,41,0,0,Rateofchange,0,2
13,3,Bat77,6,5400000,35,41,0,0,Rateofchange,0,2
13,3,Bat77,7,5400000,35,41,0,0,Rateofchange,0,2
13,3,Bat77,8,5400000,35,41,0,0,Rateofchange,0,2
13,3,Bat77,9,5400000,35,41,1,0,Rateofchange,0,2
13,3,Bat77,10,5400000,35,41,1,0,Rateofchange,0,2
13,3,Bat77,11,5400000,35,41,0,0,Rateofchange,0,2
13,3,Bat77,12,5400000,35,41,0,0,Rateofchange,0,2
13,3,Bat87,1,2700000,35,41,0,0,Rateofchange,0,2
13,3,Bat87,2,2700000,35,41,0,0,Rateofchange,0,2
13,3,Bat87,3,2700000,35,41,0,0,Rateofchange,0,2
13,3,Bat87,4,2700000,35,41,0,0,Rateofchange,0,2
13,3,Bat87,5,2700000,35,41,0,0,Rateofchange,0,2
13,3,Bat87,6,2700000,35,41,0,0,Rateofchange,0,2
13,3,Bat87,7,2700000,35,41,0,0,Rateofchange,0,2
13,3,Bat87,8,2700000,35,41,0,0,Rateofchange,0,2
13,3,Bat87,9,2700000,35,41,0,0,Rateofchange,0,2
13,3,Bat87,10,2700000,35,41,0,0,Rateofchange,0,2
13,3,Bat87,11,2700000,35,41,1,0,Rateofchange,0,2
13,3,Bat87,12,2700000,35,41,1,0,Rateofchange,0,2
14,4,Bat67,1,5400000,35,41,1,0,Rateofchange,1,2
14,4,Bat67,2,5400000,35,41,1,0,Rateofchange,1,2
14,4,Bat67,3,5400000,35,41,0,0,Rateofchange,1,2
14,4,Bat67,4,5400000,35,41,0,0,Rateofchange,1,2
14,4,Bat67,5,5400000,35,41,0,0,Rateofchange,1,2
14,4,Bat67,6,5400000,35,41,0,0,Rateofchange,1,2
14,4,Bat67,7,5400000,35,41,0,0,Rateofchange,1,2
14,4,Bat67,8,5400000,35,41,0,0,Rateofchange,1,2
14,4,Bat67,9,5400000,35,41,0,0,Rateofchange,1,2
14,4,Bat67,10,5400000,35,41,0,0,Rateofchange,1,2
14,4,Bat67,11,5400000,35,41,0,0,Rateofchange,1,2
14,4,Bat67,12,5400000,35,41,0,0,Rateofchange,1,2
14,4,Bat16,1,21600000,35,41,0,0,Rateofchange,1,2
14,4,Bat16,2,21600000,35,41,0,0,Rateofchange,1,2
14,4,Bat16,3,21600000,35,41,1,0,Rateofchange,1,2
14,4,Bat16,4,21600000,35,41,1,0,Rateofchange,1,2
14,4,Bat16,5,21600000,35,41,0,0,Rateofchange,1,2
14,4,Bat16,6,21600000,35,41,0,0,Rateofchange,1,2
14,4,Bat16,7,21600000,35,41,0,0,Rateofchange,1,2
14,4,Bat16,8,21600000,35,41,0,0,Rateofchange,1,2
14,4,Bat16,9,21600000,35,41,0,0,Rateofchange,1,2
14,4,Bat16,10,21600000,35,41,0,0,Rateofchange,1,2
14,4,Bat16,11,21600000,35,41,0,0,Rateofchange,1,2
14,4,Bat16,12,21600000,35,41,0,0,Rateofchange,1,2
14,4,Bat30,1,10800000,35,41,0,0,Rateofchange,1,2
14,4,Bat30,2,10800000,35,41,0,0,Rateofchange,1,2
14,4,Bat30,3,10800000,35,41,0,0,Rateofchange,1,2
14,4,Bat30,4,10800000,35,41,0,0,Rateofchange,1,2
14,4,Bat30,5,10800000,35,41,1,0,Rateofchange,1,2
14,4,Bat30,6,10800000,35,41,1,0,Rateofchange,1,2
14,4,Bat30,7,10800000,35,41,0,0,Rateofchange,1,2
14,4,Bat30,8,10800000,35,41,0,0,Rateofchange,1,2
14,4,Bat30,9,10800000,35,41,0,0,Rateofchange,1,2
14,4,Bat30,10,10800000,35,41,0,0,Rateofchange,1,2
14,4,Bat30,11,10800000,35,41,0,0,Rateofchange,1,2
14,4,Bat30,12,10800000,35,41,0,0,Rateofchange,1,2
14,4,Bat95,1,2700000,35,41,0,0,Rateofchange,1,2
14,4,Bat95,2,2700000,35,41,0,0,Rateofchange,1,2
14,4,Bat95,3,2700000,35,41,0,0,Rateofchange,1,2
14,4,Bat95,4,2700000,35,41,0,0,Rateofchange,1,2
14,4,Bat95,5,2700000,35,41,0,0,Rateofchange,1,2
14,4,Bat95,6,2700000,35,41,0,0,Rateofchange,1,2
14,4,Bat95,7,2700000,35,41,1,0,Rateofchange,1,2
14,4,Bat95,8,2700000,35,41,1,0,Rateofchange,1,2
14,4,Bat95,9,2700000,35,41,0,0,Rateofchange,1,2
14,4,Bat95,10,2700000,35,41,0,0,Rateofchange,1,2
14,4,Bat95,11,2700000,35,41,0,0,Rateofchange,1,2
14,4,Bat95,12,2700000,35,41,0,0,Rateofchange,1,2
14,4,Bat77,1,5400000,35,41,0,0,Rateofchange,1,2
14,4,Bat77,2,5400000,35,41,0,0,Rateofchange,1,2
14,4,Bat77,3,5400000,35,41,0,0,Rateofchange,1,2
14,4,Bat77,4,5400000,35,41,0,0,Rateofchange,1,2
14,4,Bat77,5,5400000,35,41,0,0,Rateofchange,1,2
14,4,Bat77,6,5400000,35,41,0,0,Rateofchange,1,2
14,4,Bat77,7,5400000,35,41,0,0,Rateofchange,1,2
14,4,Bat77,8,5400000,35,41,0,0,Rateofchange,1,2
14,4,Bat77,9,5400000,35,41,1,0,Rateofchange,1,2
14,4,Bat77,10,5400000,35,41,1,0,Rateofchange,1,2
14,4,Bat77,11,5400000,35,41,0,0,Rateofchange,1,2
14,4,Bat77,12,5400000,35,41,0,0,Rateofchange,1,2
14,4,Bat87,1,2700000,35,41,0,0,Rateofchange,1,2
14,4,Bat87,2,2700000,35,41,0,0,Rateofchange,1,2
14,4,Bat87,3,2700000,35,41,0,0,Rateofchange,1,2
14,4,Bat87,4,2700000,35,41,0,0,Rateofchange,1,2
14,4,Bat87,5,2700000,35,41,0,0,Rateofchange,1,2
14,4,Bat87,6,2700000,35,41,0,0,Rateofchange,1,2
14,4,Bat87,7,2700000,35,41,0,0,Rateofchange,1,2
14,4,Bat87,8,2700000,35,41,0,0,Rateofchange,1,2
14,4,Bat87,9,2700000,35,41,0,0,Rateofchange,1,2
14,4,Bat87,10,2700000,35,41,0,0,Rateofchange,1,2
14,4,Bat87,11,2700000,35,41,1,0,Rateofchange,1,2
14,4,Bat87,12,2700000,35,41,1,0,Rateofchange,1,2
15,5,Bat67,1,2700000,35,41,1,0,Rateofchange,0,2
15,5,Bat67,2,2700000,35,41,1,0,Rateofchange,0,2
15,5,Bat67,3,2700000,35,41,0,0,Rateofchange,0,2
15,5,Bat67,4,2700000,35,41,0,0,Rateofchange,0,2
15,5,Bat67,5,2700000,35,41,0,0,Rateofchange,0,2
15,5,Bat67,6,2700000,35,41,0,0,Rateofchange,0,2
15,5,Bat67,7,2700000,35,41,0,0,Rateofchange,0,2
15,5,Bat67,8,2700000,35,41,0,0,Rateofchange,0,2
15,5,Bat67,9,2700000,35,41,0,0,Rateofchange,0,2
15,5,Bat67,10,2700000,35,41,0,0,Rateofchange,0,2
15,5,Bat67,11,2700000,35,41,0,0,Rateofchange,0,2
15,5,Bat67,12,2700000,35,41,0,0,Rateofchange,0,2
15,5,Bat16,1,5400000,35,41,0,0,Rateofchange,0,2
15,5,Bat16,2,5400000,35,41,0,0,Rateofchange,0,2
15,5,Bat16,3,5400000,35,41,1,0,Rateofchange,0,2
15,5,Bat16,4,5400000,35,41,1,0,Rateofchange,0,2
15,5,Bat16,5,5400000,35,41,0,0,Rateofchange,0,2
15,5,Bat16,6,5400000,35,41,0,0,Rateofchange,0,2
15,5,Bat16,7,5400000,35,41,0,0,Rateofchange,0,2
15,5,Bat16,8,5400000,35,41,0,0,Rateofchange,0,2
15,5,Bat16,9,5400000,35,41,0,0,Rateofchange,0,2
15,5,Bat16,10,5400000,35,41,0,0,Rateofchange,0,2
15,5,Bat16,11,5400000,35,41,0,0,Rateofchange,0,2
15,5,Bat16,12,5400000,35,41,0,0,Rateofchange,0,2
15,5,Bat30,1,21600000,35,41,0,0,Rateofchange,0,2
15,5,Bat30,2,21600000,35,41,0,0,Rateofchange,0,2
15,5,Bat30,3,21600000,35,41,0,0,Rateofchange,0,2
15,5,Bat30,4,21600000,35,41,0,0,Rateofchange,0,2
15,5,Bat30,5,21600000,35,41,1,0,Rateofchange,0,2
15,5,Bat30,6,21600000,35,41,1,0,Rateofchange,0,2
15,5,Bat30,7,21600000,35,41,0,0,Rateofchange,0,2
15,5,Bat30,8,21600000,35,41,0,0,Rateofchange,0,2
15,5,Bat30,9,21600000,35,41,0,0,Rateofchange,0,2
15,5,Bat30,10,21600000,35,41,0,0,Rateofchange,0,2
15,5,Bat30,11,21600000,35,41,0,0,Rateofchange,0,2
15,5,Bat30,12,21600000,35,41,0,0,Rateofchange,0,2
15,5,Bat95,1,10800000,35,41,0,0,Rateofchange,0,2
15,5,Bat95,2,10800000,35,41,0,0,Rateofchange,0,2
15,5,Bat95,3,10800000,35,41,0,0,Rateofchange,0,2
15,5,Bat95,4,10800000,35,41,0,0,Rateofchange,0,2
15,5,Bat95,5,10800000,35,41,0,0,Rateofchange,0,2
15,5,Bat95,6,10800000,35,41,0,0,Rateofchange,0,2
15,5,Bat95,7,10800000,35,41,1,0,Rateofchange,0,2
15,5,Bat95,8,10800000,35,41,1,0,Rateofchange,0,2
15,5,Bat95,9,10800000,35,41,0,0,Rateofchange,0,2
15,5,Bat95,10,10800000,35,41,0,0,Rateofchange,0,2
15,5,Bat95,11,10800000,35,41,0,0,Rateofchange,0,2
15,5,Bat95,12,10800000,35,41,0,0,Rateofchange,0,2
15,5,Bat77,1,10800000,35,41,0,0,Rateofchange,0,2
15,5,Bat77,2,10800000,35,41,0,0,Rateofchange,0,2
15,5,Bat77,3,10800000,35,41,0,0,Rateofchange,0,2
15,5,Bat77,4,10800000,35,41,0,0,Rateofchange,0,2
15,5,Bat77,5,10800000,35,41,0,0,Rateofchange,0,2
15,5,Bat77,6,10800000,35,41,0,0,Rateofchange,0,2
15,5,Bat77,7,10800000,35,41,0,0,Rateofchange,0,2
15,5,Bat77,8,10800000,35,41,0,0,Rateofchange,0,2
15,5,Bat77,9,10800000,35,41,1,0,Rateofchange,0,2
15,5,Bat77,10,10800000,35,41,1,0,Rateofchange,0,2
15,5,Bat77,11,10800000,35,41,0,0,Rateofchange,0,2
15,5,Bat77,12,10800000,35,41,0,0,Rateofchange,0,2
15,5,Bat87,1,5400000,35,41,0,0,Rateofchange,0,2
15,5,Bat87,2,5400000,35,41,0,0,Rateofchange,0,2
15,5,Bat87,3,5400000,35,41,0,0,Rateofchange,0,2
15,5,Bat87,4,5400000,35,41,0,0,Rateofchange,0,2
15,5,Bat87,5,5400000,35,41,0,0,Rateofchange,0,2
15,5,Bat87,6,5400000,35,41,0,0,Rateofchange,0,2
15,5,Bat87,7,5400000,35,41,0,0,Rateofchange,0,2
15,5,Bat87,8,5400000,35,41,0,0,Rateofchange,0,2
15,5,Bat87,9,5400000,35,41,0,0,Rateofchange,0,2
15,5,Bat87,10,5400000,35,41,0,0,Rateofchange,0,2
15,5,Bat87,11,5400000,35,41,1,0,Rateofchange,0,2
15,5,Bat87,12,5400000,35,41,1,0,Rateofchange,0,2
16,6,Bat67,1,2700000,35,41,1,0,Rateofchange,1,2
16,6,Bat67,2,2700000,35,41,1,0,Rateofchange,1,2
16,6,Bat67,3,2700000,35,41,0,0,Rateofchange,1,2
16,6,Bat67,4,2700000,35,41,0,0,Rateofchange,1,2
16,6,Bat67,5,2700000,35,41,0,0,Rateofchange,1,2
16,6,Bat67,6,2700000,35,41,0,0,Rateofchange,1,2
16,6,Bat67,7,2700000,35,41,0,0,Rateofchange,1,2
16,6,Bat67,8,2700000,35,41,0,0,Rateofchange,1,2
16,6,Bat67,9,2700000,35,41,0,0,Rateofchange,1,2
16,6,Bat67,10,2700000,35,41,0,0,Rateofchange,1,2
16,6,Bat67,11,2700000,35,41,0,0,Rateofchange,1,2
16,6,Bat67,12,2700000,35,41,0,0,Rateofchange,1,2
16,6,Bat16,1,5400000,35,41,0,0,Rateofchange,1,2
16,6,Bat16,2,5400000,35,41,0,0,Rateofchange,1,2
16,6,Bat16,3,5400000,35,41,1,0,Rateofchange,1,2
16,6,Bat16,4,5400000,35,41,1,0,Rateofchange,1,2
16,6,Bat16,5,5400000,35,41,0,0,Rateofchange,1,2
16,6,Bat16,6,5400000,35,41,0,0,Rateofchange,1,2
16,6,Bat16,7,5400000,35,41,0,0,Rateofchange,1,2
16,6,Bat16,8,5400000,35,41,0,0,Rateofchange,1,2
16,6,Bat16,9,5400000,35,41,0,0,Rateofchange,1,2
16,6,Bat16,10,5400000,35,41,0,0,Rateofchange,1,2
16,6,Bat16,11,5400000,35,41,0,0,Rateofchange,1,2
16,6,Bat16,12,5400000,35,41,0,0,Rateofchange,1,2
16,6,Bat30,1,21600000,35,41,0,0,Rateofchange,1,2
16,6,Bat30,2,21600000,35,41,0,0,Rateofchange,1,2
16,6,Bat30,3,21600000,35,41,0,0,Rateofchange,1,2
16,6,Bat30,4,21600000,35,41,0,0,Rateofchange,1,2
16,6,Bat30,5,21600000,35,41,1,0,Rateofchange,1,2
16,6,Bat30,6,21600000,35,41,1,0,Rateofchange,1,2
16,6,Bat30,7,21600000,35,41,0,0,Rateofchange,1,2
16,6,Bat30,8,21600000,35,41,0,0,Rateofchange,1,2
16,6,Bat30,9,21600000,35,41,0,0,Rateofchange,1,2
16,6,Bat30,10,21600000,35,41,0,0,Rateofchange,1,2
16,6,Bat30,11,21600000,35,41,0,0,Rateofchange,1,2
16,6,Bat30,12,21600000,35,41,0,0,Rateofchange,1,2
16,6,Bat95,1,10800000,35,41,0,0,Rateofchange,1,2
16,6,Bat95,2,10800000,35,41,0,0,Rateofchange,1,2
16,6,Bat95,3,10800000,35,41,0,0,Rateofchange,1,2
16,6,Bat95,4,10800000,35,41,0,0,Rateofchange,1,2
16,6,Bat95,5,10800000,35,41,0,0,Rateofchange,1,2
16,6,Bat95,6,10800000,35,41,0,0,Rateofchange,1,2
16,6,Bat95,7,10800000,35,41,1,0,Rateofchange,1,2
16,6,Bat95,8,10800000,35,41,1,0,Rateofchange,1,2
16,6,Bat95,9,10800000,35,41,0,0,Rateofchange,1,2
16,6,Bat95,10,10800000,35,41,0,0,Rateofchange,1,2
16,6,Bat95,11,10800000,35,41,0,0,Rateofchange,1,2
16,6,Bat95,12,10800000,35,41,0,0,Rateofchange,1,2
16,6,Bat77,1,10800000,35,41,0,0,Rateofchange,1,2
16,6,Bat77,2,10800000,35,41,0,0,Rateofchange,1,2
16,6,Bat77,3,10800000,35,41,0,0,Rateofchange,1,2
16,6,Bat77,4,10800000,35,41,0,0,Rateofchange,1,2
16,6,Bat77,5,10800000,35,41,0,0,Rateofchange,1,2
16,6,Bat77,6,10800000,35,41,0,0,Rateofchange,1,2
16,6,Bat77,7,10800000,35,41,0,0,Rateofchange,1,2
16,6,Bat77,8,10800000,35,41,0,0,Rateofchange,1,2
16,6,Bat77,9,10800000,35,41,1,0,Rateofchange,1,2
16,6,Bat77,10,10800000,35,41,1,0,Rateofchange,1,2
16,6,Bat77,11,10800000,35,41,0,0,Rateofchange,1,2
16,6,Bat77,12,10800000,35,41,0,0,Rateofchange,1,2
16,6,Bat87,1,5400000,35,41,0,0,Rateofchange,1,2
16,6,Bat87,2,5400000,35,41,0,0,Rateofchange,1,2
16,6,Bat87,3,5400000,35,41,0,0,Rateofchange,1,2
16,6,Bat87,4,5400000,35,41,0,0,Rateofchange,1,2
16,6,Bat87,5,5400000,35,41,0,0,Rateofchange,1,2
16,6,Bat87,6,5400000,35,41,0,0,Rateofchange,1,2
16,6,Bat87,7,5400000,35,41,0,0,Rateofchange,1,2
16,6,Bat87,8,5400000,35,41,0,0,Rateofchange,1,2
16,6,Bat87,9,5400000,35,41,0,0,Rateofchange,1,2
16,6,Bat87,10,5400000,35,41,0,0,Rateofchange,1,2
16,6,Bat87,11,5400000,35,41,1,0,Rateofchange,1,2
16,6,Bat87,12,5400000,35,41,1,0,Rateofchange,1,2
17,7,Bat67,1,10800000,35,41,1,0,Rateofchange,0,2
17,7,Bat67,2,10800000,35,41,1,0,Rateofchange,0,2
17,7,Bat67,3,10800000,35,41,0,0,Rateofchange,0,2
17,7,Bat67,4,10800000,35,41,0,0,Rateofchange,0,2
17,7,Bat67,5,10800000,35,41,0,0,Rateofchange,0,2
17,7,Bat67,6,10800000,35,41,0,0,Rateofchange,0,2
17,7,Bat67,7,10800000,35,41,0,0,Rateofchange,0,2
17,7,Bat67,8,10800000,35,41,0,0,Rateofchange,0,2
17,7,Bat67,9,10800000,35,41,0,0,Rateofchange,0,2
17,7,Bat67,10,10800000,35,41,0,0,Rateofchange,0,2
17,7,Bat67,11,10800000,35,41,0,0,Rateofchange,0,2
17,7,Bat67,12,10800000,35,41,0,0,Rateofchange,0,2
17,7,Bat16,1,2700000,35,41,0,0,Rateofchange,0,2
17,7,Bat16,2,2700000,35,41,0,0,Rateofchange,0,2
17,7,Bat16,3,2700000,35,41,1,0,Rateofchange,0,2
17,7,Bat16,4,2700000,35,41,1,0,Rateofchange,0,2
17,7,Bat16,5,2700000,35,41,0,0,Rateofchange,0,2
17,7,Bat16,6,2700000,35,41,0,0,Rateofchange,0,2
17,7,Bat16,7,2700000,35,41,0,0,Rateofchange,0,2
17,7,Bat16,8,2700000,35,41,0,0,Rateofchange,0,2
17,7,Bat16,9,2700000,35,41,0,0,Rateofchange,0,2
17,7,Bat16,10,2700000,35,41,0,0,Rateofchange,0,2
17,7,Bat16,11,2700000,35,41,0,0,Rateofchange,0,2
17,7,Bat16,12,2700000,35,41,0,0,Rateofchange,0,2
17,7,Bat30,1,5400000,35,41,0,0,Rateofchange,0,2
17,7,Bat30,2,5400000,35,41,0,0,Rateofchange,0,2
17,7,Bat30,3,5400000,35,41,0,0,Rateofchange,0,2
17,7,Bat30,4,5400000,35,41,0,0,Rateofchange,0,2
17,7,Bat30,5,5400000,35,41,1,0,Rateofchange,0,2
17,7,Bat30,6,5400000,35,41,1,0,Rateofchange,0,2
17,7,Bat30,7,5400000,35,41,0,0,Rateofchange,0,2
17,7,Bat30,8,5400000,35,41,0,0,Rateofchange,0,2
17,7,Bat30,9,5400000,35,41,0,0,Rateofchange,0,2
17,7,Bat30,10,5400000,35,41,0,0,Rateofchange,0,2
17,7,Bat30,11,5400000,35,41,0,0,Rateofchange,0,2
17,7,Bat30,12,5400000,35,41,0,0,Rateofchange,0,2
17,7,Bat95,1,21600000,35,41,0,0,Rateofchange,0,2
17,7,Bat95,2,21600000,35,41,0,0,Rateofchange,0,2
17,7,Bat95,3,21600000,35,41,0,0,Rateofchange,0,2
17,7,Bat95,4,21600000,35,41,0,0,Rateofchange,0,2
17,7,Bat95,5,21600000,35,41,0,0,Rateofchange,0,2
17,7,Bat95,6,21600000,35,41,0,0,Rateofchange,0,2
17,7,Bat95,7,21600000,35,41,1,0,Rateofchange,0,2
17,7,Bat95,8,21600000,35,41,1,0,Rateofchange,0,2
17,7,Bat95,9,21600000,35,41,0,0,Rateofchange,0,2
17,7,Bat95,10,21600000,35,41,0,0,Rateofchange,0,2
17,7,Bat95,11,21600000,35,41,0,0,Rateofchange,0,2
17,7,Bat95,12,21600000,35,41,0,0,Rateofchange,0,2
17,7,Bat77,1,2700000,35,41,0,0,Rateofchange,0,2
17,7,Bat77,2,2700000,35,41,0,0,Rateofchange,0,2
17,7,Bat77,3,2700000,35,41,0,0,Rateofchange,0,2
17,7,Bat77,4,2700000,35,41,0,0,Rateofchange,0,2
17,7,Bat77,5,2700000,35,41,0,0,Rateofchange,0,2
17,7,Bat77,6,2700000,35,41,0,0,Rateofchange,0,2
17,7,Bat77,7,2700000,35,41,0,0,Rateofchange,0,2
17,7,Bat77,8,2700000,35,41,0,0,Rateofchange,0,2
17,7,Bat77,9,2700000,35,41,1,0,Rateofchange,0,2
17,7,Bat77,10,2700000,35,41,1,0,Rateofchange,0,2
17,7,Bat77,11,2700000,35,41,0,0,Rateofchange,0,2
17,7,Bat77,12,2700000,35,41,0,0,Rateofchange,0,2
17,7,Bat87,1,21600000,35,41,0,1,Rateofchange,,2
17,7,Bat87,2,21600000,35,41,0,1,Rateofchange,,2
17,7,Bat87,3,21600000,35,41,0,1,Rateofchange,,2
17,7,Bat87,4,21600000,35,41,0,1,Rateofchange,,2
17,7,Bat87,5,21600000,35,41,0,1,Rateofchange,,2
17,7,Bat87,6,21600000,35,41,0,1,Rateofchange,,2
17,7,Bat87,7,21600000,35,41,0,1,Rateofchange,,2
17,7,Bat87,8,21600000,35,41,0,1,Rateofchange,,2
17,7,Bat87,9,21600000,35,41,0,1,Rateofchange,,2
17,7,Bat87,10,21600000,35,41,0,1,Rateofchange,,2
17,7,Bat87,11,21600000,35,41,1,1,Rateofchange,,2
17,7,Bat87,12,21600000,35,41,1,1,Rateofchange,,2
18,8,Bat67,1,10800000,35,41,1,0,Rateofchange,1,2
18,8,Bat67,2,10800000,35,41,1,0,Rateofchange,1,2
18,8,Bat67,3,10800000,35,41,0,0,Rateofchange,1,2
18,8,Bat67,4,10800000,35,41,0,0,Rateofchange,1,2
18,8,Bat67,5,10800000,35,41,0,0,Rateofchange,1,2
18,8,Bat67,6,10800000,35,41,0,0,Rateofchange,1,2
18,8,Bat67,7,10800000,35,41,0,0,Rateofchange,1,2
18,8,Bat67,8,10800000,35,41,0,0,Rateofchange,1,2
18,8,Bat67,9,10800000,35,41,0,0,Rateofchange,1,2
18,8,Bat67,10,10800000,35,41,0,0,Rateofchange,1,2
18,8,Bat67,11,10800000,35,41,0,0,Rateofchange,1,2
18,8,Bat67,12,10800000,35,41,0,0,Rateofchange,1,2
18,8,Bat16,1,2700000,35,41,0,0,Rateofchange,1,2
18,8,Bat16,2,2700000,35,41,0,0,Rateofchange,1,2
18,8,Bat16,3,2700000,35,41,1,0,Rateofchange,1,2
18,8,Bat16,4,2700000,35,41,1,0,Rateofchange,1,2
18,8,Bat16,5,2700000,35,41,0,0,Rateofchange,1,2
18,8,Bat16,6,2700000,35,41,0,0,Rateofchange,1,2
18,8,Bat16,7,2700000,35,41,0,0,Rateofchange,1,2
18,8,Bat16,8,2700000,35,41,0,0,Rateofchange,1,2
18,8,Bat16,9,2700000,35,41,0,0,Rateofchange,1,2
18,8,Bat16,10,2700000,35,41,0,0,Rateofchange,1,2
18,8,Bat16,11,2700000,35,41,0,0,Rateofchange,1,2
18,8,Bat16,12,2700000,35,41,0,0,Rateofchange,1,2
18,8,Bat30,1,5400000,35,41,0,0,Rateofchange,1,2
18,8,Bat30,2,5400000,35,41,0,0,Rateofchange,1,2
18,8,Bat30,3,5400000,35,41,0,0,Rateofchange,1,2
18,8,Bat30,4,5400000,35,41,0,0,Rateofchange,1,2
18,8,Bat30,5,5400000,35,41,1,0,Rateofchange,1,2
18,8,Bat30,6,5400000,35,41,1,0,Rateofchange,1,2
18,8,Bat30,7,5400000,35,41,0,0,Rateofchange,1,2
18,8,Bat30,8,5400000,35,41,0,0,Rateofchange,1,2
18,8,Bat30,9,5400000,35,41,0,0,Rateofchange,1,2
18,8,Bat30,10,5400000,35,41,0,0,Rateofchange,1,2
18,8,Bat30,11,5400000,35,41,0,0,Rateofchange,1,2
18,8,Bat30,12,5400000,35,41,0,0,Rateofchange,1,2
18,8,Bat95,1,21600000,35,41,0,0,Rateofchange,1,2
18,8,Bat95,2,21600000,35,41,0,0,Rateofchange,1,2
18,8,Bat95,3,21600000,35,41,0,0,Rateofchange,1,2
18,8,Bat95,4,21600000,35,41,0,0,Rateofchange,1,2
18,8,Bat95,5,21600000,35,41,0,0,Rateofchange,1,2
18,8,Bat95,6,21600000,35,41,0,0,Rateofchange,1,2
18,8,Bat95,7,21600000,35,41,1,0,Rateofchange,1,2
18,8,Bat95,8,21600000,35,41,1,0,Rateofchange,1,2
18,8,Bat95,9,21600000,35,41,0,0,Rateofchange,1,2
18,8,Bat95,10,21600000,35,41,0,0,Rateofchange,1,2
18,8,Bat95,11,21600000,35,41,0,0,Rateofchange,1,2
18,8,Bat95,12,21600000,35,41,0,0,Rateofchange,1,2
18,8,Bat77,1,2700000,35,41,0,0,Rateofchange,1,2
18,8,Bat77,2,2700000,35,41,0,0,Rateofchange,1,2
18,8,Bat77,3,2700000,35,41,0,0,Rateofchange,1,2
18,8,Bat77,4,2700000,35,41,0,0,Rateofchange,1,2
18,8,Bat77,5,2700000,35,41,0,0,Rateofchange,1,2
18,8,Bat77,6,2700000,35,41,0,0,Rateofchange,1,2
18,8,Bat77,7,2700000,35,41,0,0,Rateofchange,1,2
18,8,Bat77,8,2700000,35,41,0,0,Rateofchange,1,2
18,8,Bat77,9,2700000,35,41,1,0,Rateofchange,1,2
18,8,Bat77,10,2700000,35,41,1,0,Rateofchange,1,2
18,8,Bat77,11,2700000,35,41,0,0,Rateofchange,1,2
18,8,Bat77,12,2700000,35,41,0,0,Rateofchange,1,2
18,8,Bat87,1,21600000,35,41,0,0,Rateofchange,0,2
18,8,Bat87,2,21600000,35,41,0,0,Rateofchange,0,2
18,8,Bat87,3,21600000,35,41,0,0,Rateofchange,0,2
18,8,Bat87,4,21600000,35,41,0,0,Rateofchange,0,2
18,8,Bat87,5,21600000,35,41,0,0,Rateofchange,0,2
18,8,Bat87,6,21600000,35,41,0,0,Rateofchange,0,2
18,8,Bat87,7,21600000,35,41,0,0,Rateofchange,0,2
18,8,Bat87,8,21600000,35,41,0,0,Rateofchange,0,2
18,8,Bat87,9,21600000,35,41,0,0,Rateofchange,0,2
18,8,Bat87,10,21600000,35,41,0,0,Rateofchange,0,2
18,8,Bat87,11,21600000,35,41,1,0,Rateofchange,0,2
18,8,Bat87,12,21600000,35,41,1,0,Rateofchange,0,2
19,9,Bat87,1,21600000,35,41,0,0,Rateofchange,1,2
19,9,Bat87,2,21600000,35,41,0,0,Rateofchange,1,2
19,9,Bat87,3,21600000,35,41,0,0,Rateofchange,1,2
19,9,Bat87,4,21600000,35,41,0,0,Rateofchange,1,2
19,9,Bat87,5,21600000,35,41,0,0,Rateofchange,1,2
19,9,Bat87,6,21600000,35,41,0,0,Rateofchange,1,2
19,9,Bat87,7,21600000,35,41,0,0,Rateofchange,1,2
19,9,Bat87,8,21600000,35,41,0,0,Rateofchange,1,2
19,9,Bat87,9,21600000,35,41,0,0,Rateofchange,1,2
19,9,Bat87,10,21600000,35,41,0,0,Rateofchange,1,2
19,9,Bat87,11,21600000,35,41,1,0,Rateofchange,1,2
19,9,Bat87,12,21600000,35,41,1,0,Rateofchange,1,2
20,0,Bat46,1,,,,1,0,Training,,3
20,0,Bat46,2,,,,1,0,Training,,3
20,0,Bat46,3,,,,0,0,Training,,3
20,0,Bat46,4,,,,0,0,Training,,3
20,0,Bat46,5,,,,0,0,Training,,3
20,0,Bat46,6,,,,0,0,Training,,3
20,0,Bat46,7,,,,0,0,Training,,3
20,0,Bat46,8,,,,0,0,Training,,3
20,0,Bat46,9,,,,0,0,Training,,3
20,0,Bat46,10,,,,0,0,Training,,3
20,0,Bat46,11,,,,0,0,Training,,3
20,0,Bat46,12,,,,0,0,Training,,3
20,0,Bat100,1,,,,0,0,Training,,3
20,0,Bat100,2,,,,0,0,Training,,3
20,0,Bat100,3,,,,1,0,Training,,3
20,0,Bat100,4,,,,1,0,Training,,3
20,0,Bat100,5,,,,0,0,Training,,3
20,0,Bat100,6,,,,0,0,Training,,3
20,0,Bat100,7,,,,0,0,Training,,3
20,0,Bat100,8,,,,0,0,Training,,3
20,0,Bat100,9,,,,0,0,Training,,3
20,0,Bat100,10,,,,0,0,Training,,3
20,0,Bat100,11,,,,0,0,Training,,3
20,0,Bat100,12,,,,0,0,Training,,3
20,0,Bat103,1,,,,0,0,Training,,3
20,0,Bat103,2,,,,0,0,Training,,3
20,0,Bat103,3,,,,0,0,Training,,3
20,0,Bat103,4,,,,0,0,Training,,3
20,0,Bat103,5,,,,1,0,Training,,3
20,0,Bat103,6,,,,1,0,Training,,3
20,0,Bat103,7,,,,0,0,Training,,3
20,0,Bat103,8,,,,0,0,Training,,3
20,0,Bat103,9,,,,0,0,Training,,3
20,0,Bat103,10,,,,0,0,Training,,3
20,0,Bat103,11,,,,0,0,Training,,3
20,0,Bat103,12,,,,0,0,Training,,3
20,0,Bat80,1,,,,0,0,Training,,3
20,0,Bat80,2,,,,0,0,Training,,3
20,0,Bat80,3,,,,0,0,Training,,3
20,0,Bat80,4,,,,0,0,Training,,3
20,0,Bat80,5,,,,0,0,Training,,3
20,0,Bat80,6,,,,0,0,Training,,3
20,0,Bat80,7,,,,1,0,Training,,3
20,0,Bat80,8,,,,1,0,Training,,3
20,0,Bat80,9,,,,0,0,Training,,3
20,0,Bat80,10,,,,0,0,Training,,3
20,0,Bat80,11,,,,0,0,Training,,3
20,0,Bat80,12,,,,0,0,Training,,3
20,0,Bat102,1,,,,0,0,Training,,3
20,0,Bat102,2,,,,0,0,Training,,3
20,0,Bat102,3,,,,0,0,Training,,3
20,0,Bat102,4,,,,0,0,Training,,3
20,0,Bat102,5,,,,0,0,Training,,3
20,0,Bat102,6,,,,0,0,Training,,3
20,0,Bat102,7,,,,0,0,Training,,3
20,0,Bat102,8,,,,0,0,Training,,3
20,0,Bat102,9,,,,1,0,Training,,3
20,0,Bat102,10,,,,1,0,Training,,3
20,0,Bat102,11,,,,0,0,Training,,3
20,0,Bat102,12,,,,0,0,Training,,3
20,0,Bat25,1,,,,0,0,Training,,3
20,0,Bat25,2,,,,0,0,Training,,3
20,0,Bat25,3,,,,0,0,Training,,3
20,0,Bat25,4,,,,0,0,Training,,3
20,0,Bat25,5,,,,0,0,Training,,3
20,0,Bat25,6,,,,0,0,Training,,3
20,0,Bat25,7,,,,0,0,Training,,3
20,0,Bat25,8,,,,0,0,Training,,3
20,0,Bat25,9,,,,0,0,Training,,3
20,0,Bat25,10,,,,0,0,Training,,3
20,0,Bat25,11,,,,1,0,Training,,3
20,0,Bat25,12,,,,1,0,Training,,3
21,1,Bat46,1,10800000,35,41,1,0,Rateofchange,0,3
21,1,Bat46,2,10800000,35,41,1,0,Rateofchange,0,3
21,1,Bat46,3,10800000,35,41,0,0,Rateofchange,0,3
21,1,Bat46,4,10800000,35,41,0,0,Rateofchange,0,3
21,1,Bat46,5,10800000,35,41,0,0,Rateofchange,0,3
21,1,Bat46,6,10800000,35,41,0,0,Rateofchange,0,3
21,1,Bat46,7,10800000,35,41,0,0,Rateofchange,0,3
21,1,Bat46,8,10800000,35,41,0,0,Rateofchange,0,3
21,1,Bat46,9,10800000,35,41,0,0,Rateofchange,0,3
21,1,Bat46,10,10800000,35,41,0,0,Rateofchange,0,3
21,1,Bat46,11,10800000,35,41,0,0,Rateofchange,0,3
21,1,Bat46,12,10800000,35,41,0,0,Rateofchange,0,3
21,1,Bat100,1,2700000,35,41,0,0,Rateofchange,0,3
21,1,Bat100,2,2700000,35,41,0,0,Rateofchange,0,3
21,1,Bat100,3,2700000,35,41,1,0,Rateofchange,0,3
21,1,Bat100,4,2700000,35,41,1,0,Rateofchange,0,3
21,1,Bat100,5,2700000,35,41,0,0,Rateofchange,0,3
21,1,Bat100,6,2700000,35,41,0,0,Rateofchange,0,3
21,1,Bat100,7,2700000,35,41,0,0,Rateofchange,0,3
21,1,Bat100,8,2700000,35,41,0,0,Rateofchange,0,3
21,1,Bat100,9,2700000,35,41,0,0,Rateofchange,0,3
21,1,Bat100,10,2700000,35,41,0,0,Rateofchange,0,3
21,1,Bat100,11,2700000,35,41,0,0,Rateofchange,0,3
21,1,Bat100,12,2700000,35,41,0,0,Rateofchange,0,3
21,1,Bat103,1,21600000,35,41,0,0,Rateofchange,0,3
21,1,Bat103,2,21600000,35,41,0,0,Rateofchange,0,3
21,1,Bat103,3,21600000,35,41,0,0,Rateofchange,0,3
21,1,Bat103,4,21600000,35,41,0,0,Rateofchange,0,3
21,1,Bat103,5,21600000,35,41,1,0,Rateofchange,0,3
21,1,Bat103,6,21600000,35,41,1,0,Rateofchange,0,3
21,1,Bat103,7,21600000,35,41,0,0,Rateofchange,0,3
21,1,Bat103,8,21600000,35,41,0,0,Rateofchange,0,3
21,1,Bat103,9,21600000,35,41,0,0,Rateofchange,0,3
21,1,Bat103,10,21600000,35,41,0,0,Rateofchange,0,3
21,1,Bat103,11,21600000,35,41,0,0,Rateofchange,0,3
21,1,Bat103,12,21600000,35,41,0,0,Rateofchange,0,3
21,1,Bat80,1,5400000,35,41,0,0,Rateofchange,0,3
21,1,Bat80,2,5400000,35,41,0,0,Rateofchange,0,3
21,1,Bat80,3,5400000,35,41,0,0,Rateofchange,0,3
21,1,Bat80,4,5400000,35,41,0,0,Rateofchange,0,3
21,1,Bat80,5,5400000,35,41,0,0,Rateofchange,0,3
21,1,Bat80,6,5400000,35,41,0,0,Rateofchange,0,3
21,1,Bat80,7,5400000,35,41,1,0,Rateofchange,0,3
21,1,Bat80,8,5400000,35,41,1,0,Rateofchange,0,3
21,1,Bat80,9,5400000,35,41,0,0,Rateofchange,0,3
21,1,Bat80,10,5400000,35,41,0,0,Rateofchange,0,3
21,1,Bat80,11,5400000,35,41,0,0,Rateofchange,0,3
21,1,Bat80,12,5400000,35,41,0,0,Rateofchange,0,3
21,1,Bat102,1,10800000,35,41,0,0,Rateofchange,0,3
21,1,Bat102,2,10800000,35,41,0,0,Rateofchange,0,3
21,1,Bat102,3,10800000,35,41,0,0,Rateofchange,0,3
21,1,Bat102,4,10800000,35,41,0,0,Rateofchange,0,3
21,1,Bat102,5,10800000,35,41,0,0,Rateofchange,0,3
21,1,Bat102,6,10800000,35,41,0,0,Rateofchange,0,3
21,1,Bat102,7,10800000,35,41,0,0,Rateofchange,0,3
21,1,Bat102,8,10800000,35,41,0,0,Rateofchange,0,3
21,1,Bat102,9,10800000,35,41,1,0,Rateofchange,0,3
21,1,Bat102,10,10800000,35,41,1,0,Rateofchange,0,3
21,1,Bat102,11,10800000,35,41,0,0,Rateofchange,0,3
21,1,Bat102,12,10800000,35,41,0,0,Rateofchange,0,3
21,1,Bat25,1,,,,0,0,Training,,3
21,1,Bat25,2,,,,0,0,Training,,3
21,1,Bat25,3,,,,0,0,Training,,3
21,1,Bat25,4,,,,0,0,Training,,3
21,1,Bat25,5,,,,0,0,Training,,3
21,1,Bat25,6,,,,0,0,Training,,3
21,1,Bat25,7,,,,0,0,Training,,3
21,1,Bat25,8,,,,0,0,Training,,3
21,1,Bat25,9,,,,0,0,Training,,3
21,1,Bat25,10,,,,0,0,Training,,3
21,1,Bat25,11,,,,1,0,Training,,3
21,1,Bat25,12,,,,1,0,Training,,3
22,2,Bat46,1,10800000,35,41,1,0,Rateofchange,1,3
22,2,Bat46,2,10800000,35,41,1,0,Rateofchange,1,3
22,2,Bat46,3,10800000,35,41,0,0,Rateofchange,1,3
22,2,Bat46,4,10800000,35,41,0,0,Rateofchange,1,3
22,2,Bat46,5,10800000,35,41,0,0,Rateofchange,1,3
22,2,Bat46,6,10800000,35,41,0,0,Rateofchange,1,3
22,2,Bat46,7,10800000,35,41,0,0,Rateofchange,1,3
22,2,Bat46,8,10800000,35,41,0,0,Rateofchange,1,3
22,2,Bat46,9,10800000,35,41,0,0,Rateofchange,1,3
22,2,Bat46,10,10800000,35,41,0,0,Rateofchange,1,3
22,2,Bat46,11,10800000,35,41,0,0,Rateofchange,1,3
22,2,Bat46,12,10800000,35,41,0,0,Rateofchange,1,3
22,2,Bat100,1,2700000,35,41,0,0,Rateofchange,1,3
22,2,Bat100,2,2700000,35,41,0,0,Rateofchange,1,3
22,2,Bat100,3,2700000,35,41,1,0,Rateofchange,1,3
22,2,Bat100,4,2700000,35,41,1,0,Rateofchange,1,3
22,2,Bat100,5,2700000,35,41,0,0,Rateofchange,1,3
22,2,Bat100,6,2700000,35,41,0,0,Rateofchange,1,3
22,2,Bat100,7,2700000,35,41,0,0,Rateofchange,1,3
22,2,Bat100,8,2700000,35,41,0,0,Rateofchange,1,3
22,2,Bat100,9,2700000,35,41,0,0,Rateofchange,1,3
22,2,Bat100,10,2700000,35,41,0,0,Rateofchange,1,3
22,2,Bat100,11,2700000,35,41,0,0,Rateofchange,1,3
22,2,Bat100,12,2700000,35,41,0,0,Rateofchange,1,3
22,2,Bat103,1,21600000,35,41,0,0,Rateofchange,1,3
22,2,Bat103,2,21600000,35,41,0,0,Rateofchange,1,3
22,2,Bat103,3,21600000,35,41,0,0,Rateofchange,1,3
22,2,Bat103,4,21600000,35,41,0,0,Rateofchange,1,3
22,2,Bat103,5,21600000,35,41,1,0,Rateofchange,1,3
22,2,Bat103,6,21600000,35,41,1,0,Rateofchange,1,3
22,2,Bat103,7,21600000,35,41,0,0,Rateofchange,1,3
22,2,Bat103,8,21600000,35,41,0,0,Rateofchange,1,3
22,2,Bat103,9,21600000,35,41,0,0,Rateofchange,1,3
22,2,Bat103,10,21600000,35,41,0,0,Rateofchange,1,3
22,2,Bat103,11,21600000,35,41,0,0,Rateofchange,1,3
22,2,Bat103,12,21600000,35,41,0,0,Rateofchange,1,3
22,2,Bat80,1,5400000,35,41,0,0,Rateofchange,1,3
22,2,Bat80,2,5400000,35,41,0,0,Rateofchange,1,3
22,2,Bat80,3,5400000,35,41,0,0,Rateofchange,1,3
22,2,Bat80,4,5400000,35,41,0,0,Rateofchange,1,3
22,2,Bat80,5,5400000,35,41,0,0,Rateofchange,1,3
22,2,Bat80,6,5400000,35,41,0,0,Rateofchange,1,3
22,2,Bat80,7,5400000,35,41,1,0,Rateofchange,1,3
22,2,Bat80,8,5400000,35,41,1,0,Rateofchange,1,3
22,2,Bat80,9,5400000,35,41,0,0,Rateofchange,1,3
22,2,Bat80,10,5400000,35,41,0,0,Rateofchange,1,3
22,2,Bat80,11,5400000,35,41,0,0,Rateofchange,1,3
22,2,Bat80,12,5400000,35,41,0,0,Rateofchange,1,3
22,2,Bat102,1,10800000,35,41,0,0,Rateofchange,1,3
22,2,Bat102,2,10800000,35,41,0,0,Rateofchange,1,3
22,2,Bat102,3,10800000,35,41,0,0,Rateofchange,1,3
22,2,Bat102,4,10800000,35,41,0,0,Rateofchange,1,3
22,2,Bat102,5,10800000,35,41,0,0,Rateofchange,1,3
22,2,Bat102,6,10800000,35,41,0,0,Rateofchange,1,3
22,2,Bat102,7,10800000,35,41,0,0,Rateofchange,1,3
22,2,Bat102,8,10800000,35,41,0,0,Rateofchange,1,3
22,2,Bat102,9,10800000,35,41,1,0,Rateofchange,1,3
22,2,Bat102,10,10800000,35,41,1,0,Rateofchange,1,3
22,2,Bat102,11,10800000,35,41,0,0,Rateofchange,1,3
22,2,Bat102,12,10800000,35,41,0,0,Rateofchange,1,3
22,2,Bat25,1,2700000,35,41,0,0,Rateofchange,0,3
22,2,Bat25,2,2700000,35,41,0,0,Rateofchange,0,3
22,2,Bat25,3,2700000,35,41,0,0,Rateofchange,0,3
22,2,Bat25,4,2700000,35,41,0,0,Rateofchange,0,3
22,2,Bat25,5,2700000,35,41,0,0,Rateofchange,0,3
22,2,Bat25,6,2700000,35,41,0,0,Rateofchange,0,3
22,2,Bat25,7,2700000,35,41,0,0,Rateofchange,0,3
22,2,Bat25,8,2700000,35,41,0,0,Rateofchange,0,3
22,2,Bat25,9,2700000,35,41,0,0,Rateofchange,0,3
22,2,Bat25,10,2700000,35,41,0,0,Rateofchange,0,3
22,2,Bat25,11,2700000,35,41,1,0,Rateofchange,0,3
22,2,Bat25,12,2700000,35,41,1,0,Rateofchange,0,3
23,3,Bat46,1,2700000,35,41,1,0,Rateofchange,0,3
23,3,Bat46,2,2700000,35,41,1,0,Rateofchange,0,3
23,3,Bat46,3,2700000,35,41,0,0,Rateofchange,0,3
23,3,Bat46,4,2700000,35,41,0,0,Rateofchange,0,3
23,3,Bat46,5,2700000,35,41,0,0,Rateofchange,0,3
23,3,Bat46,6,2700000,35,41,0,0,Rateofchange,0,3
23,3,Bat46,7,2700000,35,41,0,0,Rateofchange,0,3
23,3,Bat46,8,2700000,35,41,0,0,Rateofchange,0,3
23,3,Bat46,9,2700000,35,41,0,0,Rateofchange,0,3
23,3,Bat46,10,2700000,35,41,0,0,Rateofchange,0,3
23,3,Bat46,11,2700000,35,41,0,0,Rateofchange,0,3
23,3,Bat46,12,2700000,35,41,0,0,Rateofchange,0,3
23,3,Bat100,1,10800000,35,41,0,0,Rateofchange,0,3
23,3,Bat100,2,10800000,35,41,0,0,Rateofchange,0,3
23,3,Bat100,3,10800000,35,41,1,0,Rateofchange,0,3
23,3,Bat100,4,10800000,35,41,1,0,Rateofchange,0,3
23,3,Bat100,5,10800000,35,41,0,0,Rateofchange,0,3
23,3,Bat100,6,10800000,35,41,0,0,Rateofchange,0,3
23,3,Bat100,7,10800000,35,41,0,0,Rateofchange,0,3
23,3,Bat100,8,10800000,35,41,0,0,Rateofchange,0,3
23,3,Bat100,9,10800000,35,41,0,0,Rateofchange,0,3
23,3,Bat100,10,10800000,35,41,0,0,Rateofchange,0,3
23,3,Bat100,11,10800000,35,41,0,0,Rateofchange,0,3
23,3,Bat100,12,10800000,35,41,0,0,Rateofchange,0,3
23,3,Bat103,1,5400000,35,41,0,0,Rateofchange,0,3
23,3,Bat103,2,5400000,35,41,0,0,Rateofchange,0,3
23,3,Bat103,3,5400000,35,41,0,0,Rateofchange,0,3
23,3,Bat103,4,5400000,35,41,0,0,Rateofchange,0,3
23,3,Bat103,5,5400000,35,41,1,0,Rateofchange,0,3
23,3,Bat103,6,5400000,35,41,1,0,Rateofchange,0,3
23,3,Bat103,7,5400000,35,41,0,0,Rateofchange,0,3
23,3,Bat103,8,5400000,35,41,0,0,Rateofchange,0,3
23,3,Bat103,9,5400000,35,41,0,0,Rateofchange,0,3
23,3,Bat103,10,5400000,35,41,0,0,Rateofchange,0,3
23,3,Bat103,11,5400000,35,41,0,0,Rateofchange,0,3
23,3,Bat103,12,5400000,35,41,0,0,Rateofchange,0,3
23,3,Bat80,1,21600000,35,41,0,0,Rateofchange,0,3
23,3,Bat80,2,21600000,35,41,0,0,Rateofchange,0,3
23,3,Bat80,3,21600000,35,41,0,0,Rateofchange,0,3
23,3,Bat80,4,21600000,35,41,0,0,Rateofchange,0,3
23,3,Bat80,5,21600000,35,41,0,0,Rateofchange,0,3
23,3,Bat80,6,21600000,35,41,0,0,Rateofchange,0,3
23,3,Bat80,7,21600000,35,41,1,0,Rateofchange,0,3
23,3,Bat80,8,21600000,35,41,1,0,Rateofchange,0,3
23,3,Bat80,9,21600000,35,41,0,0,Rateofchange,0,3
23,3,Bat80,10,21600000,35,41,0,0,Rateofchange,0,3
23,3,Bat80,11,21600000,35,41,0,0,Rateofchange,0,3
23,3,Bat80,12,21600000,35,41,0,0,Rateofchange,0,3
23,3,Bat102,1,21600000,35,41,0,0,Rateofchange,0,3
23,3,Bat102,2,21600000,35,41,0,0,Rateofchange,0,3
23,3,Bat102,3,21600000,35,41,0,0,Rateofchange,0,3
23,3,Bat102,4,21600000,35,41,0,0,Rateofchange,0,3
23,3,Bat102,5,21600000,35,41,0,0,Rateofchange,0,3
23,3,Bat102,6,21600000,35,41,0,0,Rateofchange,0,3
23,3,Bat102,7,21600000,35,41,0,0,Rateofchange,0,3
23,3,Bat102,8,21600000,35,41,0,0,Rateofchange,0,3
23,3,Bat102,9,21600000,35,41,1,0,Rateofchange,0,3
23,3,Bat102,10,21600000,35,41,1,0,Rateofchange,0,3
23,3,Bat102,11,21600000,35,41,0,0,Rateofchange,0,3
23,3,Bat102,12,21600000,35,41,0,0,Rateofchange,0,3
23,3,Bat25,1,2700000,35,41,0,0,Rateofchange,1,3
23,3,Bat25,2,2700000,35,41,0,0,Rateofchange,1,3
23,3,Bat25,3,2700000,35,41,0,0,Rateofchange,1,3
23,3,Bat25,4,2700000,35,41,0,0,Rateofchange,1,3
23,3,Bat25,5,2700000,35,41,0,0,Rateofchange,1,3
23,3,Bat25,6,2700000,35,41,0,0,Rateofchange,1,3
23,3,Bat25,7,2700000,35,41,0,0,Rateofchange,1,3
23,3,Bat25,8,2700000,35,41,0,0,Rateofchange,1,3
23,3,Bat25,9,2700000,35,41,0,0,Rateofchange,1,3
23,3,Bat25,10,2700000,35,41,0,0,Rateofchange,1,3
23,3,Bat25,11,2700000,35,41,1,0,Rateofchange,1,3
23,3,Bat25,12,2700000,35,41,1,0,Rateofchange,1,3
24,4,Bat46,1,2700000,35,41,1,0,Rateofchange,1,3
24,4,Bat46,2,2700000,35,41,1,0,Rateofchange,1,3
24,4,Bat46,3,2700000,35,41,0,0,Rateofchange,1,3
24,4,Bat46,4,2700000,35,41,0,0,Rateofchange,1,3
24,4,Bat46,5,2700000,35,41,0,0,Rateofchange,1,3
24,4,Bat46,6,2700000,35,41,0,0,Rateofchange,1,3
24,4,Bat46,7,2700000,35,41,0,0,Rateofchange,1,3
24,4,Bat46,8,2700000,35,41,0,0,Rateofchange,1,3
24,4,Bat46,9,2700000,35,41,0,0,Rateofchange,1,3
24,4,Bat46,10,2700000,35,41,0,0,Rateofchange,1,3
24,4,Bat46,11,2700000,35,41,0,0,Rateofchange,1,3
24,4,Bat46,12,2700000,35,41,0,0,Rateofchange,1,3
24,4,Bat100,1,10800000,35,41,0,0,Rateofchange,1,3
24,4,Bat100,2,10800000,35,41,0,0,Rateofchange,1,3
24,4,Bat100,3,10800000,35,41,1,0,Rateofchange,1,3
24,4,Bat100,4,10800000,35,41,1,0,Rateofchange,1,3
24,4,Bat100,5,10800000,35,41,0,0,Rateofchange,1,3
24,4,Bat100,6,10800000,35,41,0,0,Rateofchange,1,3
24,4,Bat100,7,10800000,35,41,0,0,Rateofchange,1,3
24,4,Bat100,8,10800000,35,41,0,0,Rateofchange,1,3
24,4,Bat100,9,10800000,35,41,0,0,Rateofchange,1,3
24,4,Bat100,10,10800000,35,41,0,0,Rateofchange,1,3
24,4,Bat100,11,10800000,35,41,0,0,Rateofchange,1,3
24,4,Bat100,12,10800000,35,41,0,0,Rateofchange,1,3
24,4,Bat103,1,5400000,35,41,0,0,Rateofchange,1,3
24,4,Bat103,2,5400000,35,41,0,0,Rateofchange,1,3
24,4,Bat103,3,5400000,35,41,0,0,Rateofchange,1,3
24,4,Bat103,4,5400000,35,41,0,0,Rateofchange,1,3
24,4,Bat103,5,5400000,35,41,1,0,Rateofchange,1,3
24,4,Bat103,6,5400000,35,41,1,0,Rateofchange,1,3
24,4,Bat103,7,5400000,35,41,0,0,Rateofchange,1,3
24,4,Bat103,8,5400000,35,41,0,0,Rateofchange,1,3
24,4,Bat103,9,5400000,35,41,0,0,Rateofchange,1,3
24,4,Bat103,10,5400000,35,41,0,0,Rateofchange,1,3
24,4,Bat103,11,5400000,35,41,0,0,Rateofchange,1,3
24,4,Bat103,12,5400000,35,41,0,0,Rateofchange,1,3
24,4,Bat80,1,21600000,35,41,0,0,Rateofchange,1,3
24,4,Bat80,2,21600000,35,41,0,0,Rateofchange,1,3
24,4,Bat80,3,21600000,35,41,0,0,Rateofchange,1,3
24,4,Bat80,4,21600000,35,41,0,0,Rateofchange,1,3
24,4,Bat80,5,21600000,35,41,0,0,Rateofchange,1,3
24,4,Bat80,6,21600000,35,41,0,0,Rateofchange,1,3
24,4,Bat80,7,21600000,35,41,1,0,Rateofchange,1,3
24,4,Bat80,8,21600000,35,41,1,0,Rateofchange,1,3
24,4,Bat80,9,21600000,35,41,0,0,Rateofchange,1,3
24,4,Bat80,10,21600000,35,41,0,0,Rateofchange,1,3
24,4,Bat80,11,21600000,35,41,0,0,Rateofchange,1,3
24,4,Bat80,12,21600000,35,41,0,0,Rateofchange,1,3
24,4,Bat102,1,21600000,35,41,0,0,Rateofchange,1,3
24,4,Bat102,2,21600000,35,41,0,0,Rateofchange,1,3
24,4,Bat102,3,21600000,35,41,0,0,Rateofchange,1,3
24,4,Bat102,4,21600000,35,41,0,0,Rateofchange,1,3
24,4,Bat102,5,21600000,35,41,0,0,Rateofchange,1,3
24,4,Bat102,6,21600000,35,41,0,0,Rateofchange,1,3
24,4,Bat102,7,21600000,35,41,0,0,Rateofchange,1,3
24,4,Bat102,8,21600000,35,41,0,0,Rateofchange,1,3
24,4,Bat102,9,21600000,35,41,1,0,Rateofchange,1,3
24,4,Bat102,10,21600000,35,41,1,0,Rateofchange,1,3
24,4,Bat102,11,21600000,35,41,0,0,Rateofchange,1,3
24,4,Bat102,12,21600000,35,41,0,0,Rateofchange,1,3
24,4,Bat25,1,5400000,35,41,0,0,Rateofchange,0,3
24,4,Bat25,2,5400000,35,41,0,0,Rateofchange,0,3
24,4,Bat25,3,5400000,35,41,0,0,Rateofchange,0,3
24,4,Bat25,4,5400000,35,41,0,0,Rateofchange,0,3
24,4,Bat25,5,5400000,35,41,0,0,Rateofchange,0,3
24,4,Bat25,6,5400000,35,41,0,0,Rateofchange,0,3
24,4,Bat25,7,5400000,35,41,0,0,Rateofchange,0,3
24,4,Bat25,8,5400000,35,41,0,0,Rateofchange,0,3
24,4,Bat25,9,5400000,35,41,0,0,Rateofchange,0,3
24,4,Bat25,10,5400000,35,41,0,0,Rateofchange,0,3
24,4,Bat25,11,5400000,35,41,1,0,Rateofchange,0,3
24,4,Bat25,12,5400000,35,41,1,0,Rateofchange,0,3
25,5,Bat46,1,21600000,35,41,1,0,Rateofchange,0,3
25,5,Bat46,2,21600000,35,41,1,0,Rateofchange,0,3
25,5,Bat46,3,21600000,35,41,0,0,Rateofchange,0,3
25,5,Bat46,4,21600000,35,41,0,0,Rateofchange,0,3
25,5,Bat46,5,21600000,35,41,0,0,Rateofchange,0,3
25,5,Bat46,6,21600000,35,41,0,0,Rateofchange,0,3
25,5,Bat46,7,21600000,35,41,0,0,Rateofchange,0,3
25,5,Bat46,8,21600000,35,41,0,0,Rateofchange,0,3
25,5,Bat46,9,21600000,35,41,0,0,Rateofchange,0,3
25,5,Bat46,10,21600000,35,41,0,0,Rateofchange,0,3
25,5,Bat46,11,21600000,35,41,0,0,Rateofchange,0,3
25,5,Bat46,12,21600000,35,41,0,0,Rateofchange,0,3
25,5,Bat100,1,5400000,35,41,0,0,Rateofchange,0,3
25,5,Bat100,2,5400000,35,41,0,0,Rateofchange,0,3
25,5,Bat100,3,5400000,35,41,1,0,Rateofchange,0,3
25,5,Bat100,4,5400000,35,41,1,0,Rateofchange,0,3
25,5,Bat100,5,5400000,35,41,0,0,Rateofchange,0,3
25,5,Bat100,6,5400000,35,41,0,0,Rateofchange,0,3
25,5,Bat100,7,5400000,35,41,0,0,Rateofchange,0,3
25,5,Bat100,8,5400000,35,41,0,0,Rateofchange,0,3
25,5,Bat100,9,5400000,35,41,0,0,Rateofchange,0,3
25,5,Bat100,10,5400000,35,41,0,0,Rateofchange,0,3
25,5,Bat100,11,5400000,35,41,0,0,Rateofchange,0,3
25,5,Bat100,12,5400000,35,41,0,0,Rateofchange,0,3
25,5,Bat103,1,10800000,35,41,0,0,Rateofchange,0,3
25,5,Bat103,2,10800000,35,41,0,0,Rateofchange,0,3
25,5,Bat103,3,10800000,35,41,0,0,Rateofchange,0,3
25,5,Bat103,4,10800000,35,41,0,0,Rateofchange,0,3
25,5,Bat103,5,10800000,35,41,1,0,Rateofchange,0,3
25,5,Bat103,6,10800000,35,41,1,0,Rateofchange,0,3
25,5,Bat103,7,10800000,35,41,0,0,Rateofchange,0,3
25,5,Bat103,8,10800000,35,41,0,0,Rateofchange,0,3
25,5,Bat103,9,10800000,35,41,0,0,Rateofchange,0,3
25,5,Bat103,10,10800000,35,41,0,0,Rateofchange,0,3
25,5,Bat103,11,10800000,35,41,0,0,Rateofchange,0,3
25,5,Bat103,12,10800000,35,41,0,0,Rateofchange,0,3
25,5,Bat80,1,2700000,35,41,0,0,Rateofchange,0,3
25,5,Bat80,2,2700000,35,41,0,0,Rateofchange,0,3
25,5,Bat80,3,2700000,35,41,0,0,Rateofchange,0,3
25,5,Bat80,4,2700000,35,41,0,0,Rateofchange,0,3
25,5,Bat80,5,2700000,35,41,0,0,Rateofchange,0,3
25,5,Bat80,6,2700000,35,41,0,0,Rateofchange,0,3
25,5,Bat80,7,2700000,35,41,1,0,Rateofchange,0,3
25,5,Bat80,8,2700000,35,41,1,0,Rateofchange,0,3
25,5,Bat80,9,2700000,35,41,0,0,Rateofchange,0,3
25,5,Bat80,10,2700000,35,41,0,0,Rateofchange,0,3
25,5,Bat80,11,2700000,35,41,0,0,Rateofchange,0,3
25,5,Bat80,12,2700000,35,41,0,0,Rateofchange,0,3
25,5,Bat102,1,2700000,35,41,0,0,Rateofchange,0,3
25,5,Bat102,2,2700000,35,41,0,0,Rateofchange,0,3
25,5,Bat102,3,2700000,35,41,0,0,Rateofchange,0,3
25,5,Bat102,4,2700000,35,41,0,0,Rateofchange,0,3
25,5,Bat102,5,2700000,35,41,0,0,Rateofchange,0,3
25,5,Bat102,6,2700000,35,41,0,0,Rateofchange,0,3
25,5,Bat102,7,2700000,35,41,0,0,Rateofchange,0,3
25,5,Bat102,8,2700000,35,41,0,0,Rateofchange,0,3
25,5,Bat102,9,2700000,35,41,1,0,Rateofchange,0,3
25,5,Bat102,10,2700000,35,41,1,0,Rateofchange,0,3
25,5,Bat102,11,2700000,35,41,0,0,Rateofchange,0,3
25,5,Bat102,12,2700000,35,41,0,0,Rateofchange,0,3
25,5,Bat25,1,5400000,35,41,0,0,Rateofchange,1,3
25,5,Bat25,2,5400000,35,41,0,0,Rateofchange,1,3
25,5,Bat25,3,5400000,35,41,0,0,Rateofchange,1,3
25,5,Bat25,4,5400000,35,41,0,0,Rateofchange,1,3
25,5,Bat25,5,5400000,35,41,0,0,Rateofchange,1,3
25,5,Bat25,6,5400000,35,41,0,0,Rateofchange,1,3
25,5,Bat25,7,5400000,35,41,0,0,Rateofchange,1,3
25,5,Bat25,8,5400000,35,41,0,0,Rateofchange,1,3
25,5,Bat25,9,5400000,35,41,0,0,Rateofchange,1,3
25,5,Bat25,10,5400000,35,41,0,0,Rateofchange,1,3
25,5,Bat25,11,5400000,35,41,1,0,Rateofchange,1,3
25,5,Bat25,12,5400000,35,41,1,0,Rateofchange,1,3
26,6,Bat46,1,21600000,35,41,1,0,Rateofchange,1,3
26,6,Bat46,2,21600000,35,41,1,0,Rateofchange,1,3
26,6,Bat46,3,21600000,35,41,0,0,Rateofchange,1,3
26,6,Bat46,4,21600000,35,41,0,0,Rateofchange,1,3
26,6,Bat46,5,21600000,35,41,0,0,Rateofchange,1,3
26,6,Bat46,6,21600000,35,41,0,0,Rateofchange,1,3
26,6,Bat46,7,21600000,35,41,0,0,Rateofchange,1,3
26,6,Bat46,8,21600000,35,41,0,0,Rateofchange,1,3
26,6,Bat46,9,21600000,35,41,0,0,Rateofchange,1,3
26,6,Bat46,10,21600000,35,41,0,0,Rateofchange,1,3
26,6,Bat46,11,21600000,35,41,0,0,Rateofchange,1,3
26,6,Bat46,12,21600000,35,41,0,0,Rateofchange,1,3
26,6,Bat100,1,5400000,35,41,0,0,Rateofchange,1,3
26,6,Bat100,2,5400000,35,41,0,0,Rateofchange,1,3
26,6,Bat100,3,5400000,35,41,1,0,Rateofchange,1,3
26,6,Bat100,4,5400000,35,41,1,0,Rateofchange,1,3
26,6,Bat100,5,5400000,35,41,0,0,Rateofchange,1,3
26,6,Bat100,6,5400000,35,41,0,0,Rateofchange,1,3
26,6,Bat100,7,5400000,35,41,0,0,Rateofchange,1,3
26,6,Bat100,8,5400000,35,41,0,0,Rateofchange,1,3
26,6,Bat100,9,5400000,35,41,0,0,Rateofchange,1,3
26,6,Bat100,10,5400000,35,41,0,0,Rateofchange,1,3
26,6,Bat100,11,5400000,35,41,0,0,Rateofchange,1,3
26,6,Bat100,12,5400000,35,41,0,0,Rateofchange,1,3
26,6,Bat103,1,10800000,35,41,0,0,Rateofchange,1,3
26,6,Bat103,2,10800000,35,41,0,0,Rateofchange,1,3
26,6,Bat103,3,10800000,35,41,0,0,Rateofchange,1,3
26,6,Bat103,4,10800000,35,41,0,0,Rateofchange,1,3
26,6,Bat103,5,10800000,35,41,1,0,Rateofchange,1,3
26,6,Bat103,6,10800000,35,41,1,0,Rateofchange,1,3
26,6,Bat103,7,10800000,35,41,0,0,Rateofchange,1,3
26,6,Bat103,8,10800000,35,41,0,0,Rateofchange,1,3
26,6,Bat103,9,10800000,35,41,0,0,Rateofchange,1,3
26,6,Bat103,10,10800000,35,41,0,0,Rateofchange,1,3
26,6,Bat103,11,10800000,35,41,0,0,Rateofchange,1,3
26,6,Bat103,12,10800000,35,41,0,0,Rateofchange,1,3
26,6,Bat80,1,2700000,35,41,0,0,Rateofchange,1,3
26,6,Bat80,2,2700000,35,41,0,0,Rateofchange,1,3
26,6,Bat80,3,2700000,35,41,0,0,Rateofchange,1,3
26,6,Bat80,4,2700000,35,41,0,0,Rateofchange,1,3
26,6,Bat80,5,2700000,35,41,0,0,Rateofchange,1,3
26,6,Bat80,6,2700000,35,41,0,0,Rateofchange,1,3
26,6,Bat80,7,2700000,35,41,1,0,Rateofchange,1,3
26,6,Bat80,8,2700000,35,41,1,0,Rateofchange,1,3
26,6,Bat80,9,2700000,35,41,0,0,Rateofchange,1,3
26,6,Bat80,10,2700000,35,41,0,0,Rateofchange,1,3
26,6,Bat80,11,2700000,35,41,0,0,Rateofchange,1,3
26,6,Bat80,12,2700000,35,41,0,0,Rateofchange,1,3
26,6,Bat102,1,2700000,35,41,0,0,Rateofchange,1,3
26,6,Bat102,2,2700000,35,41,0,0,Rateofchange,1,3
26,6,Bat102,3,2700000,35,41,0,0,Rateofchange,1,3
26,6,Bat102,4,2700000,35,41,0,0,Rateofchange,1,3
26,6,Bat102,5,2700000,35,41,0,0,Rateofchange,1,3
26,6,Bat102,6,2700000,35,41,0,0,Rateofchange,1,3
26,6,Bat102,7,2700000,35,41,0,0,Rateofchange,1,3
26,6,Bat102,8,2700000,35,41,0,0,Rateofchange,1,3
26,6,Bat102,9,2700000,35,41,1,0,Rateofchange,1,3
26,6,Bat102,10,2700000,35,41,1,0,Rateofchange,1,3
26,6,Bat102,11,2700000,35,41,0,0,Rateofchange,1,3
26,6,Bat102,12,2700000,35,41,0,0,Rateofchange,1,3
26,6,Bat25,1,21600000,35,41,0,0,Rateofchange,0,3
26,6,Bat25,2,21600000,35,41,0,0,Rateofchange,0,3
26,6,Bat25,3,21600000,35,41,0,0,Rateofchange,0,3
26,6,Bat25,4,21600000,35,41,0,0,Rateofchange,0,3
26,6,Bat25,5,21600000,35,41,0,0,Rateofchange,0,3
26,6,Bat25,6,21600000,35,41,0,0,Rateofchange,0,3
26,6,Bat25,7,21600000,35,41,0,0,Rateofchange,0,3
26,6,Bat25,8,21600000,35,41,0,0,Rateofchange,0,3
26,6,Bat25,9,21600000,35,41,0,0,Rateofchange,0,3
26,6,Bat25,10,21600000,35,41,0,0,Rateofchange,0,3
26,6,Bat25,11,21600000,35,41,1,0,Rateofchange,0,3
26,6,Bat25,12,21600000,35,41,1,0,Rateofchange,0,3
27,7,Bat46,1,5400000,35,41,1,0,Rateofchange,0,3
27,7,Bat46,2,5400000,35,41,1,0,Rateofchange,0,3
27,7,Bat46,3,5400000,35,41,0,0,Rateofchange,0,3
27,7,Bat46,4,5400000,35,41,0,0,Rateofchange,0,3
27,7,Bat46,5,5400000,35,41,0,0,Rateofchange,0,3
27,7,Bat46,6,5400000,35,41,0,0,Rateofchange,0,3
27,7,Bat46,7,5400000,35,41,0,0,Rateofchange,0,3
27,7,Bat46,8,5400000,35,41,0,0,Rateofchange,0,3
27,7,Bat46,9,5400000,35,41,0,0,Rateofchange,0,3
27,7,Bat46,10,5400000,35,41,0,0,Rateofchange,0,3
27,7,Bat46,11,5400000,35,41,0,0,Rateofchange,0,3
27,7,Bat46,12,5400000,35,41,0,0,Rateofchange,0,3
27,7,Bat100,1,21600000,35,41,0,0,Rateofchange,0,3
27,7,Bat100,2,21600000,35,41,0,0,Rateofchange,0,3
27,7,Bat100,3,21600000,35,41,1,0,Rateofchange,0,3
27,7,Bat100,4,21600000,35,41,1,0,Rateofchange,0,3
27,7,Bat100,5,21600000,35,41,0,0,Rateofchange,0,3
27,7,Bat100,6,21600000,35,41,0,0,Rateofchange,0,3
27,7,Bat100,7,21600000,35,41,0,0,Rateofchange,0,3
27,7,Bat100,8,21600000,35,41,0,0,Rateofchange,0,3
27,7,Bat100,9,21600000,35,41,0,0,Rateofchange,0,3
27,7,Bat100,10,21600000,35,41,0,0,Rateofchange,0,3
27,7,Bat100,11,21600000,35,41,0,0,Rateofchange,0,3
27,7,Bat100,12,21600000,35,41,0,0,Rateofchange,0,3
27,7,Bat103,1,2700000,35,41,0,0,Rateofchange,0,3
27,7,Bat103,2,2700000,35,41,0,0,Rateofchange,0,3
27,7,Bat103,3,2700000,35,41,0,0,Rateofchange,0,3
27,7,Bat103,4,2700000,35,41,0,0,Rateofchange,0,3
27,7,Bat103,5,2700000,35,41,1,0,Rateofchange,0,3
27,7,Bat103,6,2700000,35,41,1,0,Rateofchange,0,3
27,7,Bat103,7,2700000,35,41,0,0,Rateofchange,0,3
27,7,Bat103,8,2700000,35,41,0,0,Rateofchange,0,3
27,7,Bat103,9,2700000,35,41,0,0,Rateofchange,0,3
27,7,Bat103,10,2700000,35,41,0,0,Rateofchange,0,3
27,7,Bat103,11,2700000,35,41,0,0,Rateofchange,0,3
27,7,Bat103,12,2700000,35,41,0,0,Rateofchange,0,3
27,7,Bat80,1,10800000,35,41,0,0,Rateofchange,0,3
27,7,Bat80,2,10800000,35,41,0,0,Rateofchange,0,3
27,7,Bat80,3,10800000,35,41,0,0,Rateofchange,0,3
27,7,Bat80,4,10800000,35,41,0,0,Rateofchange,0,3
27,7,Bat80,5,10800000,35,41,0,0,Rateofchange,0,3
27,7,Bat80,6,10800000,35,41,0,0,Rateofchange,0,3
27,7,Bat80,7,10800000,35,41,1,0,Rateofchange,0,3
27,7,Bat80,8,10800000,35,41,1,0,Rateofchange,0,3
27,7,Bat80,9,10800000,35,41,0,0,Rateofchange,0,3
27,7,Bat80,10,10800000,35,41,0,0,Rateofchange,0,3
27,7,Bat80,11,10800000,35,41,0,0,Rateofchange,0,3
27,7,Bat80,12,10800000,35,41,0,0,Rateofchange,0,3
27,7,Bat102,1,5400000,35,41,0,0,Rateofchange,0,3
27,7,Bat102,2,5400000,35,41,0,0,Rateofchange,0,3
27,7,Bat102,3,5400000,35,41,0,0,Rateofchange,0,3
27,7,Bat102,4,5400000,35,41,0,0,Rateofchange,0,3
27,7,Bat102,5,5400000,35,41,0,0,Rateofchange,0,3
27,7,Bat102,6,5400000,35,41,0,0,Rateofchange,0,3
27,7,Bat102,7,5400000,35,41,0,0,Rateofchange,0,3
27,7,Bat102,8,5400000,35,41,0,0,Rateofchange,0,3
27,7,Bat102,9,5400000,35,41,1,0,Rateofchange,0,3
27,7,Bat102,10,5400000,35,41,1,0,Rateofchange,0,3
27,7,Bat102,11,5400000,35,41,0,0,Rateofchange,0,3
27,7,Bat102,12,5400000,35,41,0,0,Rateofchange,0,3
27,7,Bat25,1,21600000,35,41,0,0,Rateofchange,1,3
27,7,Bat25,2,21600000,35,41,0,0,Rateofchange,1,3
27,7,Bat25,3,21600000,35,41,0,0,Rateofchange,1,3
27,7,Bat25,4,21600000,35,41,0,0,Rateofchange,1,3
27,7,Bat25,5,21600000,35,41,0,0,Rateofchange,1,3
27,7,Bat25,6,21600000,35,41,0,0,Rateofchange,1,3
27,7,Bat25,7,21600000,35,41,0,0,Rateofchange,1,3
27,7,Bat25,8,21600000,35,41,0,0,Rateofchange,1,3
27,7,Bat25,9,21600000,35,41,0,0,Rateofchange,1,3
27,7,Bat25,10,21600000,35,41,0,0,Rateofchange,1,3
27,7,Bat25,11,21600000,35,41,1,0,Rateofchange,1,3
27,7,Bat25,12,21600000,35,41,1,0,Rateofchange,1,3
28,8,Bat46,1,5400000,35,41,1,0,Rateofchange,1,3
28,8,Bat46,2,5400000,35,41,1,0,Rateofchange,1,3
28,8,Bat46,3,5400000,35,41,0,0,Rateofchange,1,3
28,8,Bat46,4,5400000,35,41,0,0,Rateofchange,1,3
28,8,Bat46,5,5400000,35,41,0,0,Rateofchange,1,3
28,8,Bat46,6,5400000,35,41,0,0,Rateofchange,1,3
28,8,Bat46,7,5400000,35,41,0,0,Rateofchange,1,3
28,8,Bat46,8,5400000,35,41,0,0,Rateofchange,1,3
28,8,Bat46,9,5400000,35,41,0,0,Rateofchange,1,3
28,8,Bat46,10,5400000,35,41,0,0,Rateofchange,1,3
28,8,Bat46,11,5400000,35,41,0,0,Rateofchange,1,3
28,8,Bat46,12,5400000,35,41,0,0,Rateofchange,1,3
28,8,Bat100,1,21600000,35,41,0,0,Rateofchange,1,3
28,8,Bat100,2,21600000,35,41,0,0,Rateofchange,1,3
28,8,Bat100,3,21600000,35,41,1,0,Rateofchange,1,3
28,8,Bat100,4,21600000,35,41,1,0,Rateofchange,1,3
28,8,Bat100,5,21600000,35,41,0,0,Rateofchange,1,3
28,8,Bat100,6,21600000,35,41,0,0,Rateofchange,1,3
28,8,Bat100,7,21600000,35,41,0,0,Rateofchange,1,3
28,8,Bat100,8,21600000,35,41,0,0,Rateofchange,1,3
28,8,Bat100,9,21600000,35,41,0,0,Rateofchange,1,3
28,8,Bat100,10,21600000,35,41,0,0,Rateofchange,1,3
28,8,Bat100,11,21600000,35,41,0,0,Rateofchange,1,3
28,8,Bat100,12,21600000,35,41,0,0,Rateofchange,1,3
28,8,Bat103,1,2700000,35,41,0,0,Rateofchange,1,3
28,8,Bat103,2,2700000,35,41,0,0,Rateofchange,1,3
28,8,Bat103,3,2700000,35,41,0,0,Rateofchange,1,3
28,8,Bat103,4,2700000,35,41,0,0,Rateofchange,1,3
28,8,Bat103,5,2700000,35,41,1,0,Rateofchange,1,3
28,8,Bat103,6,2700000,35,41,1,0,Rateofchange,1,3
28,8,Bat103,7,2700000,35,41,0,0,Rateofchange,1,3
28,8,Bat103,8,2700000,35,41,0,0,Rateofchange,1,3
28,8,Bat103,9,2700000,35,41,0,0,Rateofchange,1,3
28,8,Bat103,10,2700000,35,41,0,0,Rateofchange,1,3
28,8,Bat103,11,2700000,35,41,0,0,Rateofchange,1,3
28,8,Bat103,12,2700000,35,41,0,0,Rateofchange,1,3
28,8,Bat80,1,10800000,35,41,0,0,Rateofchange,1,3
28,8,Bat80,2,10800000,35,41,0,0,Rateofchange,1,3
28,8,Bat80,3,10800000,35,41,0,0,Rateofchange,1,3
28,8,Bat80,4,10800000,35,41,0,0,Rateofchange,1,3
28,8,Bat80,5,10800000,35,41,0,0,Rateofchange,1,3
28,8,Bat80,6,10800000,35,41,0,0,Rateofchange,1,3
28,8,Bat80,7,10800000,35,41,1,0,Rateofchange,1,3
28,8,Bat80,8,10800000,35,41,1,0,Rateofchange,1,3
28,8,Bat80,9,10800000,35,41,0,0,Rateofchange,1,3
28,8,Bat80,10,10800000,35,41,0,0,Rateofchange,1,3
28,8,Bat80,11,10800000,35,41,0,0,Rateofchange,1,3
28,8,Bat80,12,10800000,35,41,0,0,Rateofchange,1,3
28,8,Bat102,1,5400000,35,41,0,0,Rateofchange,1,3
28,8,Bat102,2,5400000,35,41,0,0,Rateofchange,1,3
28,8,Bat102,3,5400000,35,41,0,0,Rateofchange,1,3
28,8,Bat102,4,5400000,35,41,0,0,Rateofchange,1,3
28,8,Bat102,5,5400000,35,41,0,0,Rateofchange,1,3
28,8,Bat102,6,5400000,35,41,0,0,Rateofchange,1,3
28,8,Bat102,7,5400000,35,41,0,0,Rateofchange,1,3
28,8,Bat102,8,5400000,35,41,0,0,Rateofchange,1,3
28,8,Bat102,9,5400000,35,41,1,0,Rateofchange,1,3
28,8,Bat102,10,5400000,35,41,1,0,Rateofchange,1,3
28,8,Bat102,11,5400000,35,41,0,0,Rateofchange,1,3
28,8,Bat102,12,5400000,35,41,0,0,Rateofchange,1,3
28,8,Bat25,1,10800000,35,41,0,0,Rateofchange,0,3
28,8,Bat25,2,10800000,35,41,0,0,Rateofchange,0,3
28,8,Bat25,3,10800000,35,41,0,0,Rateofchange,0,3
28,8,Bat25,4,10800000,35,41,0,0,Rateofchange,0,3
28,8,Bat25,5,10800000,35,41,0,0,Rateofchange,0,3
28,8,Bat25,6,10800000,35,41,0,0,Rateofchange,0,3
28,8,Bat25,7,10800000,35,41,0,0,Rateofchange,0,3
28,8,Bat25,8,10800000,35,41,0,0,Rateofchange,0,3
28,8,Bat25,9,10800000,35,41,0,0,Rateofchange,0,3
28,8,Bat25,10,10800000,35,41,0,0,Rateofchange,0,3
28,8,Bat25,11,10800000,35,41,1,0,Rateofchange,0,3
28,8,Bat25,12,10800000,35,41,1,0,Rateofchange,0,3
29,9,Bat25,1,10800000,35,41,0,0,Rateofchange,1,3
29,9,Bat25,2,10800000,35,41,0,0,Rateofchange,1,3
29,9,Bat25,3,10800000,35,41,0,0,Rateofchange,1,3
29,9,Bat25,4,10800000,35,41,0,0,Rateofchange,1,3
29,9,Bat25,5,10800000,35,41,0,0,Rateofchange,1,3
29,9,Bat25,6,10800000,35,41,0,0,Rateofchange,1,3
29,9,Bat25,7,10800000,35,41,0,0,Rateofchange,1,3
29,9,Bat25,8,10800000,35,41,0,0,Rateofchange,1,3
29,9,Bat25,9,10800000,35,41,0,0,Rateofchange,1,3
29,9,Bat25,10,10800000,35,41,0,0,Rateofchange,1,3
29,9,Bat25,11,10800000,35,41,1,0,Rateofchange,1,3
29,9,Bat25,12,10800000,35,41,1,0,Rateofchange,1,3