"Day";"DateTime";"IdRFID";"IdLabel";"unitLabel";"eventDuration";"reinforce1value";"outFuncLabel";"outLabel";"SystemMsg";"MsgValue1";"Loc";"Cohortday";"Period";"Amplitude";"Disp";"Rel";"Discard";"Cond";"Reversal";"Cohort";"detect";"choice";"Experiment"
1;2020-06-16 17:04:11;"";"";"pumpBeh";NA;NA;"";"";"start pump";"";NA;NA;NA;NA;NA;NA;0;NA;NA;NA;FALSE;FALSE;"Objective"
1;2020-06-16 17:08:04;"";"";"pumpBeh";NA;NA;"";"";"end pump";"";NA;NA;NA;NA;NA;NA;0;NA;NA;NA;FALSE;FALSE;"Objective"
1;2020-06-16 19:45:51;"";"";"pumpBeh";NA;NA;"";"";"start pump";"";NA;NA;NA;NA;NA;NA;0;NA;NA;NA;FALSE;FALSE;"Objective"
1;2020-06-16 19:49:44;"";"";"pumpBeh";NA;NA;"";"";"end pump";"";NA;NA;NA;NA;NA;NA;0;NA;NA;NA;FALSE;FALSE;"Objective"
1;2020-06-16 22:27:32;"";"";"pumpBeh";NA;NA;"";"";"start pump";"";NA;NA;NA;NA;NA;NA;0;NA;NA;NA;FALSE;FALSE;"Objective"
1;2020-06-16 22:31:25;"";"";"pumpBeh";NA;NA;"";"";"end pump";"";NA;NA;NA;NA;NA;NA;0;NA;NA;NA;FALSE;FALSE;"Objective"
1;2020-06-17 01:37:54;"";"";"pumpBeh";NA;NA;"";"";"start pump";"";NA;NA;NA;NA;NA;NA;0;NA;NA;NA;FALSE;FALSE;"Objective"
1;2020-06-17 01:41:47;"";"";"pumpBeh";NA;NA;"";"";"end pump";"";NA;NA;NA;NA;NA;NA;0;NA;NA;NA;FALSE;FALSE;"Objective"
2;2020-06-19 15:51:49;"";"";"pumpBeh";NA;NA;"";"";"start pump";"";NA;NA;NA;NA;NA;NA;0;NA;NA;NA;FALSE;FALSE;"Objective"
2;2020-06-19 15:55:43;"";"";"pumpBeh";NA;NA;"";"";"end pump";"";NA;NA;NA;NA;NA;NA;0;NA;NA;NA;FALSE;FALSE;"Objective"
2;2020-06-19 18:33:29;"";"";"pumpBeh";NA;NA;"";"";"start pump";"";NA;NA;NA;NA;NA;NA;0;NA;NA;NA;FALSE;FALSE;"Objective"
2;2020-06-19 18:37:22;"";"";"pumpBeh";NA;NA;"";"";"end pump";"";NA;NA;NA;NA;NA;NA;0;NA;NA;NA;FALSE;FALSE;"Objective"
2;2020-06-19 20:53:00;"";"";"pumpBeh";NA;NA;"";"";"start pump";"";NA;NA;NA;NA;NA;NA;0;NA;NA;NA;FALSE;FALSE;"Objective"
2;2020-06-19 20:56:53;"";"";"pumpBeh";NA;NA;"";"";"end pump";"";NA;NA;NA;NA;NA;NA;0;NA;NA;NA;FALSE;FALSE;"Objective"
2;2020-06-19 23:12:02;"";"";"pumpBeh";NA;NA;"";"";"start pump";"";NA;NA;NA;NA;NA;NA;0;NA;NA;NA;FALSE;FALSE;"Objective"
2;2020-06-19 23:15:55;"";"";"pumpBeh";NA;NA;"";"";"end pump";"";NA;NA;NA;NA;NA;NA;0;NA;NA;NA;FALSE;FALSE;"Objective"
2;2020-06-20 01:31:05;"";"";"pumpBeh";NA;NA;"";"";"start pump";"";NA;NA;NA;NA;NA;NA;0;NA;NA;NA;FALSE;FALSE;"Objective"
2;2020-06-20 01:34:58;"";"";"pumpBeh";NA;NA;"";"";"end pump";"";NA;NA;NA;NA;NA;NA;0;NA;NA;NA;FALSE;FALSE;"Objective"
3;2020-06-20 16:42:32;"";"";"pumpBeh";NA;NA;"";"";"start pump";"";NA;NA;NA;NA;NA;NA;0;NA;NA;NA;FALSE;FALSE;"Objective"
3;2020-06-20 16:46:25;"";"";"pumpBeh";NA;NA;"";"";"end pump";"";NA;NA;NA;NA;NA;NA;0;NA;NA;NA;FALSE;FALSE;"Objective"
3;2020-06-20 19:17:50;"";"";"pumpBeh";NA;NA;"";"";"start pump";"";NA;NA;NA;NA;NA;NA;0;NA;NA;NA;FALSE;FALSE;"Objective"
3;2020-06-20 19:21:43;"";"";"pumpBeh";NA;NA;"";"";"end pump";"";NA;NA;NA;NA;NA;NA;0;NA;NA;NA;FALSE;FALSE;"Objective"
3;2020-06-20 21:35:43;"";"";"pumpBeh";NA;NA;"";"";"start pump";"";NA;NA;NA;NA;NA;NA;0;NA;NA;NA;FALSE;FALSE;"Objective"
3;2020-06-20 21:39:36;"";"";"pumpBeh";NA;NA;"";"";"end pump";"";NA;NA;NA;NA;NA;NA;0;NA;NA;NA;FALSE;FALSE;"Objective"
3;2020-06-20 23:54:20;"";"";"pumpBeh";NA;NA;"";"";"start pump";"";NA;NA;NA;NA;NA;NA;0;NA;NA;NA;FALSE;FALSE;"Objective"
3;2020-06-20 23:58:13;"";"";"pumpBeh";NA;NA;"";"";"end pump";"";NA;NA;NA;NA;NA;NA;0;NA;NA;NA;FALSE;FALSE;"Objective"
3;2020-06-21 02:16:44;"";"";"pumpBeh";NA;NA;"";"";"start pump";"";NA;NA;NA;NA;NA;NA;0;NA;NA;NA;FALSE;FALSE;"Objective"
3;2020-06-21 02:20:37;"";"";"pumpBeh";NA;NA;"";"";"end pump";"";NA;NA;NA;NA;NA;NA;0;NA;NA;NA;FALSE;FALSE;"Objective"
4;2020-06-21 16:56:15;"";"";"pumpBeh";NA;NA;"";"";"start pump";"";NA;NA;NA;NA;NA;NA;0;NA;NA;NA;FALSE;FALSE;"Objective"
4;2020-06-21 17:00:08;"";"";"pumpBeh";NA;NA;"";"";"end pump";"";NA;NA;NA;NA;NA;NA;0;NA;NA;NA;FALSE;FALSE;"Objective"
4;2020-06-21 19:49:38;"";"";"pumpBeh";NA;NA;"";"";"start pump";"";NA;NA;NA;NA;NA;NA;0;NA;NA;NA;FALSE;FALSE;"Objective"
4;2020-06-21 19:53:32;"";"";"pumpBeh";NA;NA;"";"";"end pump";"";NA;NA;NA;NA;NA;NA;0;NA;NA;NA;FALSE;FALSE;"Objective"
4;2020-06-21 22:25:20;"";"";"pumpBeh";NA;NA;"";"";"start pump";"";NA;NA;NA;NA;NA;NA;0;NA;NA;NA;FALSE;FALSE;"Objective"
4;2020-06-21 22:29:13;"";"";"pumpBeh";NA;NA;"";"";"end pump";"";NA;NA;NA;NA;NA;NA;0;NA;NA;NA;FALSE;FALSE;"Objective"
4;2020-06-22 01:03:07;"";"";"pumpBeh";NA;NA;"";"";"start pump";"";NA;NA;NA;NA;NA;NA;0;NA;NA;NA;FALSE;FALSE;"Objective"
4;2020-06-22 01:07:00;"";"";"pumpBeh";NA;NA;"";"";"end pump";"";NA;NA;NA;NA;NA;NA;0;NA;NA;NA;FALSE;FALSE;"Objective"
5;2020-06-22 16:55:55;"";"";"pumpBeh";NA;NA;"";"";"start pump";"";NA;NA;NA;NA;NA;NA;0;NA;NA;NA;FALSE;FALSE;"Objective"
5;2020-06-22 16:59:48;"";"";"pumpBeh";NA;NA;"";"";"end pump";"";NA;NA;NA;NA;NA;NA;0;NA;NA;NA;FALSE;FALSE;"Objective"
5;2020-06-22 19:29:30;"";"";"pumpBeh";NA;NA;"";"";"start pump";"";NA;NA;NA;NA;NA;NA;0;NA;NA;NA;FALSE;FALSE;"Objective"
5;2020-06-22 19:33:23;"";"";"pumpBeh";NA;NA;"";"";"end pump";"";NA;NA;NA;NA;NA;NA;0;NA;NA;NA;FALSE;FALSE;"Objective"
5;2020-06-22 21:55:56;"";"";"pumpBeh";NA;NA;"";"";"start pump";"";NA;NA;NA;NA;NA;NA;0;NA;NA;NA;FALSE;FALSE;"Objective"
5;2020-06-22 21:59:49;"";"";"pumpBeh";NA;NA;"";"";"end pump";"";NA;NA;NA;NA;NA;NA;0;NA;NA;NA;FALSE;FALSE;"Objective"
5;2020-06-23 00:18:17;"";"";"pumpBeh";NA;NA;"";"";"start pump";"";NA;NA;NA;NA;NA;NA;0;NA;NA;NA;FALSE;FALSE;"Objective"
5;2020-06-23 00:22:10;"";"";"pumpBeh";NA;NA;"";"";"end pump";"";NA;NA;NA;NA;NA;NA;0;NA;NA;NA;FALSE;FALSE;"Objective"
6;2020-06-23 17:21:30;"";"";"pumpBeh";NA;NA;"";"";"start pump";"";NA;NA;NA;NA;NA;NA;0;NA;NA;NA;FALSE;FALSE;"Objective"
6;2020-06-23 17:25:23;"";"";"pumpBeh";NA;NA;"";"";"end pump";"";NA;NA;NA;NA;NA;NA;0;NA;NA;NA;FALSE;FALSE;"Objective"
6;2020-06-23 20:12:42;"";"";"pumpBeh";NA;NA;"";"";"start pump";"";NA;NA;NA;NA;NA;NA;0;NA;NA;NA;FALSE;FALSE;"Objective"
6;2020-06-23 20:16:35;"";"";"pumpBeh";NA;NA;"";"";"end pump";"";NA;NA;NA;NA;NA;NA;0;NA;NA;NA;FALSE;FALSE;"Objective"
6;2020-06-23 22:33:34;"";"";"pumpBeh";NA;NA;"";"";"start pump";"";NA;NA;NA;NA;NA;NA;0;NA;NA;NA;FALSE;FALSE;"Objective"
6;2020-06-23 22:37:27;"";"";"pumpBeh";NA;NA;"";"";"end pump";"";NA;NA;NA;NA;NA;NA;0;NA;NA;NA;FALSE;FALSE;"Objective"
6;2020-06-24 01:10:48;"";"";"pumpBeh";NA;NA;"";"";"start pump";"";NA;NA;NA;NA;NA;NA;0;NA;NA;NA;FALSE;FALSE;"Objective"
6;2020-06-24 01:14:41;"";"";"pumpBeh";NA;NA;"";"";"end pump";"";NA;NA;NA;NA;NA;NA;0;NA;NA;NA;FALSE;FALSE;"Objective"
7;2020-06-24 16:48:49;"";"";"pumpBeh";NA;NA;"";"";"start pump";"";NA;NA;NA;NA;NA;NA;0;NA;NA;NA;FALSE;FALSE;"Objective"
7;2020-06-24 16:52:42;"";"";"pumpBeh";NA;NA;"";"";"end pump";"";NA;NA;NA;NA;NA;NA;0;NA;NA;NA;FALSE;FALSE;"Objective"
7;2020-06-24 19:18:20;"";"";"pumpBeh";NA;NA;"";"";"start pump";"";NA;NA;NA;NA;NA;NA;0;NA;NA;NA;FALSE;FALSE;"Objective"
7;2020-06-24 19:22:13;"";"";"pumpBeh";NA;NA;"";"";"end pump";"";NA;NA;NA;NA;NA;NA;0;NA;NA;NA;FALSE;FALSE;"Objective"
7;2020-06-24 21:34:04;"";"";"pumpBeh";NA;NA;"";"";"start pump";"";NA;NA;NA;NA;NA;NA;0;NA;NA;NA;FALSE;FALSE;"Objective"
7;2020-06-24 21:37:57;"";"";"pumpBeh";NA;NA;"";"";"end pump";"";NA;NA;NA;NA;NA;NA;0;NA;NA;NA;FALSE;FALSE;"Objective"
7;2020-06-24 23:54:01;"";"";"pumpBeh";NA;NA;"";"";"start pump";"";NA;NA;NA;NA;NA;NA;0;NA;NA;NA;FALSE;FALSE;"Objective"
7;2020-06-24 23:57:54;"";"";"pumpBeh";NA;NA;"";"";"end pump";"";NA;NA;NA;NA;NA;NA;0;NA;NA;NA;FALSE;FALSE;"Objective"
7;2020-06-25 02:18:56;"";"";"pumpBeh";NA;NA;"";"";"start pump";"";NA;NA;NA;NA;NA;NA;0;NA;NA;NA;FALSE;FALSE;"Objective"
7;2020-06-25 02:22:49;"";"";"pumpBeh";NA;NA;"";"";"end pump";"";NA;NA;NA;NA;NA;NA;0;NA;NA;NA;FALSE;FALSE;"Objective"
8;2020-06-25 16:52:36;"";"";"pumpBeh";NA;NA;"";"";"start pump";"";NA;NA;NA;NA;NA;NA;0;NA;NA;NA;FALSE;FALSE;"Objective"
8;2020-06-25 16:54:38;"";"";"pumpBeh";NA;NA;"";"";"end pump";"";NA;NA;NA;NA;NA;NA;0;NA;NA;NA;FALSE;FALSE;"Objective"
8;2020-06-25 19:52:03;"";"";"pumpBeh";NA;NA;"";"";"start pump";"";NA;NA;NA;NA;NA;NA;0;NA;NA;NA;FALSE;FALSE;"Objective"
8;2020-06-25 19:54:05;"";"";"pumpBeh";NA;NA;"";"";"end pump";"";NA;NA;NA;NA;NA;NA;0;NA;NA;NA;FALSE;FALSE;"Objective"
8;2020-06-25 22:18:33;"";"";"pumpBeh";NA;NA;"";"";"start pump";"";NA;NA;NA;NA;NA;NA;0;NA;NA;NA;FALSE;FALSE;"Objective"
8;2020-06-25 22:20:35;"";"";"pumpBeh";NA;NA;"";"";"end pump";"";NA;NA;NA;NA;NA;NA;0;NA;NA;NA;FALSE;FALSE;"Objective"
8;2020-06-26 01:13:43;"";"";"pumpBeh";NA;NA;"";"";"start pump";"";NA;NA;NA;NA;NA;NA;0;NA;NA;NA;FALSE;FALSE;"Objective"
8;2020-06-26 01:15:45;"";"";"pumpBeh";NA;NA;"";"";"end pump";"";NA;NA;NA;NA;NA;NA;0;NA;NA;NA;FALSE;FALSE;"Objective"
9;2020-06-26 16:36:36;"";"";"pumpBeh";NA;NA;"";"";"start pump";"";NA;NA;NA;NA;NA;NA;0;NA;NA;NA;FALSE;FALSE;"Objective"
9;2020-06-26 16:40:29;"";"";"pumpBeh";NA;NA;"";"";"end pump";"";NA;NA;NA;NA;NA;NA;0;NA;NA;NA;FALSE;FALSE;"Objective"
9;2020-06-26 19:28:57;"";"";"pumpBeh";NA;NA;"";"";"start pump";"";NA;NA;NA;NA;NA;NA;0;NA;NA;NA;FALSE;FALSE;"Objective"
9;2020-06-26 19:32:50;"";"";"pumpBeh";NA;NA;"";"";"end pump";"";NA;NA;NA;NA;NA;NA;0;NA;NA;NA;FALSE;FALSE;"Objective"
9;2020-06-26 21:57:58;"";"";"pumpBeh";NA;NA;"";"";"start pump";"";NA;NA;NA;NA;NA;NA;0;NA;NA;NA;FALSE;FALSE;"Objective"
9;2020-06-26 22:01:51;"";"";"pumpBeh";NA;NA;"";"";"end pump";"";NA;NA;NA;NA;NA;NA;0;NA;NA;NA;FALSE;FALSE;"Objective"
9;2020-06-27 00:39:38;"";"";"pumpBeh";NA;NA;"";"";"start pump";"";NA;NA;NA;NA;NA;NA;0;NA;NA;NA;FALSE;FALSE;"Objective"
9;2020-06-27 00:43:31;"";"";"pumpBeh";NA;NA;"";"";"end pump";"";NA;NA;NA;NA;NA;NA;0;NA;NA;NA;FALSE;FALSE;"Objective"
10;2020-06-28 19:15:47;"";"";"pumpBeh";NA;NA;"";"";"start pump";"";NA;NA;NA;NA;NA;NA;0;NA;NA;NA;FALSE;FALSE;"Objective"
10;2020-06-28 19:19:40;"";"";"pumpBeh";NA;NA;"";"";"end pump";"";NA;NA;NA;NA;NA;NA;0;NA;NA;NA;FALSE;FALSE;"Objective"
10;2020-06-28 23:51:17;"";"";"pumpBeh";NA;NA;"";"";"start pump";"";NA;NA;NA;NA;NA;NA;0;NA;NA;NA;FALSE;FALSE;"Objective"
10;2020-06-28 23:55:11;"";"";"pumpBeh";NA;NA;"";"";"end pump";"";NA;NA;NA;NA;NA;NA;0;NA;NA;NA;FALSE;FALSE;"Objective"
10;2020-06-29 02:55:46;"";"";"pumpBeh";NA;NA;"";"";"start pump";"";NA;NA;NA;NA;NA;NA;0;NA;NA;NA;FALSE;FALSE;"Objective"
10;2020-06-29 02:59:39;"";"";"pumpBeh";NA;NA;"";"";"end pump";"";NA;NA;NA;NA;NA;NA;0;NA;NA;NA;FALSE;FALSE;"Objective"
11;2020-06-29 18:29:26;"";"";"pumpBeh";NA;NA;"";"";"start pump";"";NA;NA;NA;NA;NA;NA;0;NA;NA;NA;FALSE;FALSE;"Objective"
11;2020-06-29 18:33:19;"";"";"pumpBeh";NA;NA;"";"";"end pump";"";NA;NA;NA;NA;NA;NA;0;NA;NA;NA;FALSE;FALSE;"Objective"
11;2020-06-29 22:45:18;"";"";"pumpBeh";NA;NA;"";"";"start pump";"";NA;NA;NA;NA;NA;NA;0;NA;NA;NA;FALSE;FALSE;"Objective"
11;2020-06-29 22:49:11;"";"";"pumpBeh";NA;NA;"";"";"end pump";"";NA;NA;NA;NA;NA;NA;0;NA;NA;NA;FALSE;FALSE;"Objective"
11;2020-06-30 02:27:20;"";"";"pumpBeh";NA;NA;"";"";"start pump";"";NA;NA;NA;NA;NA;NA;0;NA;NA;NA;FALSE;FALSE;"Objective"
11;2020-06-30 02:31:13;"";"";"pumpBeh";NA;NA;"";"";"end pump";"";NA;NA;NA;NA;NA;NA;0;NA;NA;NA;FALSE;FALSE;"Objective"
12;2020-06-30 17:55:36;"";"";"pumpBeh";NA;NA;"";"";"start pump";"";NA;NA;NA;NA;NA;NA;0;NA;NA;NA;FALSE;FALSE;"Objective"
12;2020-06-30 17:59:29;"";"";"pumpBeh";NA;NA;"";"";"end pump";"";NA;NA;NA;NA;NA;NA;0;NA;NA;NA;FALSE;FALSE;"Objective"
12;2020-06-30 21:52:15;"";"";"pumpBeh";NA;NA;"";"";"start pump";"";NA;NA;NA;NA;NA;NA;0;NA;NA;NA;FALSE;FALSE;"Objective"
12;2020-06-30 21:56:09;"";"";"pumpBeh";NA;NA;"";"";"end pump";"";NA;NA;NA;NA;NA;NA;0;NA;NA;NA;FALSE;FALSE;"Objective"
12;2020-07-01 01:09:09;"";"";"pumpBeh";NA;NA;"";"";"start pump";"";NA;NA;NA;NA;NA;NA;0;NA;NA;NA;FALSE;FALSE;"Objective"
12;2020-07-01 01:13:02;"";"";"pumpBeh";NA;NA;"";"";"end pump";"";NA;NA;NA;NA;NA;NA;0;NA;NA;NA;FALSE;FALSE;"Objective"
13;2020-07-01 17:41:44;"";"";"pumpBeh";NA;NA;"";"";"start pump";"";NA;NA;NA;NA;NA;NA;0;NA;NA;NA;FALSE;FALSE;"Objective"
13;2020-07-01 17:45:37;"";"";"pumpBeh";NA;NA;"";"";"end pump";"";NA;NA;NA;NA;NA;NA;0;NA;NA;NA;FALSE;FALSE;"Objective"
13;2020-07-01 20:58:18;"";"";"pumpBeh";NA;NA;"";"";"start pump";"";NA;NA;NA;NA;NA;NA;0;NA;NA;NA;FALSE;FALSE;"Objective"
13;2020-07-01 21:02:11;"";"";"pumpBeh";NA;NA;"";"";"end pump";"";NA;NA;NA;NA;NA;NA;0;NA;NA;NA;FALSE;FALSE;"Objective"
13;2020-07-01 23:29:50;"";"";"pumpBeh";NA;NA;"";"";"start pump";"";NA;NA;NA;NA;NA;NA;0;NA;NA;NA;FALSE;FALSE;"Objective"
13;2020-07-01 23:33:43;"";"";"pumpBeh";NA;NA;"";"";"end pump";"";NA;NA;NA;NA;NA;NA;0;NA;NA;NA;FALSE;FALSE;"Objective"
13;2020-07-02 02:13:28;"";"";"pumpBeh";NA;NA;"";"";"start pump";"";NA;NA;NA;NA;NA;NA;0;NA;NA;NA;FALSE;FALSE;"Objective"
13;2020-07-02 02:17:21;"";"";"pumpBeh";NA;NA;"";"";"end pump";"";NA;NA;NA;NA;NA;NA;0;NA;NA;NA;FALSE;FALSE;"Objective"
14;2020-07-02 17:01:35;"";"";"pumpBeh";NA;NA;"";"";"start pump";"";NA;NA;NA;NA;NA;NA;0;NA;NA;NA;FALSE;FALSE;"Objective"
14;2020-07-02 17:05:28;"";"";"pumpBeh";NA;NA;"";"";"end pump";"";NA;NA;NA;NA;NA;NA;0;NA;NA;NA;FALSE;FALSE;"Objective"
14;2020-07-02 19:48:36;"";"";"pumpBeh";NA;NA;"";"";"start pump";"";NA;NA;NA;NA;NA;NA;0;NA;NA;NA;FALSE;FALSE;"Objective"
14;2020-07-02 19:52:29;"";"";"pumpBeh";NA;NA;"";"";"end pump";"";NA;NA;NA;NA;NA;NA;0;NA;NA;NA;FALSE;FALSE;"Objective"
14;2020-07-02 22:16:51;"";"";"pumpBeh";NA;NA;"";"";"start pump";"";NA;NA;NA;NA;NA;NA;0;NA;NA;NA;FALSE;FALSE;"Objective"
14;2020-07-02 22:20:44;"";"";"pumpBeh";NA;NA;"";"";"end pump";"";NA;NA;NA;NA;NA;NA;0;NA;NA;NA;FALSE;FALSE;"Objective"
14;2020-07-03 00:24:32;"";"";"pumpBeh";NA;NA;"";"";"start pump";"";NA;NA;NA;NA;NA;NA;0;NA;NA;NA;FALSE;FALSE;"Objective"
14;2020-07-03 00:28:25;"";"";"pumpBeh";NA;NA;"";"";"end pump";"";NA;NA;NA;NA;NA;NA;0;NA;NA;NA;FALSE;FALSE;"Objective"
14;2020-07-03 02:41:47;"";"";"pumpBeh";NA;NA;"";"";"start pump";"";NA;NA;NA;NA;NA;NA;0;NA;NA;NA;FALSE;FALSE;"Objective"
14;2020-07-03 02:45:40;"";"";"pumpBeh";NA;NA;"";"";"end pump";"";NA;NA;NA;NA;NA;NA;0;NA;NA;NA;FALSE;FALSE;"Objective"
15;2020-07-03 16:24:27;"";"";"pumpBeh";NA;NA;"";"";"start pump";"";NA;NA;NA;NA;NA;NA;0;NA;NA;NA;FALSE;FALSE;"Objective"
15;2020-07-03 16:28:20;"";"";"pumpBeh";NA;NA;"";"";"end pump";"";NA;NA;NA;NA;NA;NA;0;NA;NA;NA;FALSE;FALSE;"Objective"
15;2020-07-03 19:35:01;"";"";"pumpBeh";NA;NA;"";"";"start pump";"";NA;NA;NA;NA;NA;NA;0;NA;NA;NA;FALSE;FALSE;"Objective"
15;2020-07-03 19:38:54;"";"";"pumpBeh";NA;NA;"";"";"end pump";"";NA;NA;NA;NA;NA;NA;0;NA;NA;NA;FALSE;FALSE;"Objective"
15;2020-07-03 21:53:28;"";"";"pumpBeh";NA;NA;"";"";"start pump";"";NA;NA;NA;NA;NA;NA;0;NA;NA;NA;FALSE;FALSE;"Objective"
15;2020-07-03 21:57:21;"";"";"pumpBeh";NA;NA;"";"";"end pump";"";NA;NA;NA;NA;NA;NA;0;NA;NA;NA;FALSE;FALSE;"Objective"
15;2020-07-04 00:18:37;"";"";"pumpBeh";NA;NA;"";"";"start pump";"";NA;NA;NA;NA;NA;NA;0;NA;NA;NA;FALSE;FALSE;"Objective"
15;2020-07-04 00:22:30;"";"";"pumpBeh";NA;NA;"";"";"end pump";"";NA;NA;NA;NA;NA;NA;0;NA;NA;NA;FALSE;FALSE;"Objective"
15;2020-07-04 02:48:19;"";"";"pumpBeh";NA;NA;"";"";"start pump";"";NA;NA;NA;NA;NA;NA;0;NA;NA;NA;FALSE;FALSE;"Objective"
15;2020-07-04 02:52:12;"";"";"pumpBeh";NA;NA;"";"";"end pump";"";NA;NA;NA;NA;NA;NA;0;NA;NA;NA;FALSE;FALSE;"Objective"
16;2020-07-04 17:21:48;"";"";"pumpBeh";NA;NA;"";"";"start pump";"";NA;NA;NA;NA;NA;NA;0;NA;NA;NA;FALSE;FALSE;"Objective"
16;2020-07-04 17:25:42;"";"";"pumpBeh";NA;NA;"";"";"end pump";"";NA;NA;NA;NA;NA;NA;0;NA;NA;NA;FALSE;FALSE;"Objective"
16;2020-07-04 20:00:56;"";"";"pumpBeh";NA;NA;"";"";"start pump";"";NA;NA;NA;NA;NA;NA;0;NA;NA;NA;FALSE;FALSE;"Objective"
16;2020-07-04 20:04:49;"";"";"pumpBeh";NA;NA;"";"";"end pump";"";NA;NA;NA;NA;NA;NA;0;NA;NA;NA;FALSE;FALSE;"Objective"
16;2020-07-04 22:30:18;"";"";"pumpBeh";NA;NA;"";"";"start pump";"";NA;NA;NA;NA;NA;NA;0;NA;NA;NA;FALSE;FALSE;"Objective"
16;2020-07-04 22:34:12;"";"";"pumpBeh";NA;NA;"";"";"end pump";"";NA;NA;NA;NA;NA;NA;0;NA;NA;NA;FALSE;FALSE;"Objective"
16;2020-07-05 00:45:07;"";"";"pumpBeh";NA;NA;"";"";"start pump";"";NA;NA;NA;NA;NA;NA;0;NA;NA;NA;FALSE;FALSE;"Objective"
16;2020-07-05 00:49:00;"";"";"pumpBeh";NA;NA;"";"";"end pump";"";NA;NA;NA;NA;NA;NA;0;NA;NA;NA;FALSE;FALSE;"Objective"
17;2020-07-05 17:22:54;"";"";"pumpBeh";NA;NA;"";"";"start pump";"";NA;NA;NA;NA;NA;NA;0;NA;NA;NA;FALSE;FALSE;"Objective"
17;2020-07-05 17:26:47;"";"";"pumpBeh";NA;NA;"";"";"end pump";"";NA;NA;NA;NA;NA;NA;0;NA;NA;NA;FALSE;FALSE;"Objective"
17;2020-07-05 20:34:24;"";"";"pumpBeh";NA;NA;"";"";"start pump";"";NA;NA;NA;NA;NA;NA;0;NA;NA;NA;FALSE;FALSE;"Objective"
17;2020-07-05 20:38:17;"";"";"pumpBeh";NA;NA;"";"";"end pump";"";NA;NA;NA;NA;NA;NA;0;NA;NA;NA;FALSE;FALSE;"Objective"
17;2020-07-05 23:04:34;"";"";"pumpBeh";NA;NA;"";"";"start pump";"";NA;NA;NA;NA;NA;NA;0;NA;NA;NA;FALSE;FALSE;"Objective"
17;2020-07-05 23:08:27;"";"";"pumpBeh";NA;NA;"";"";"end pump";"";NA;NA;NA;NA;NA;NA;0;NA;NA;NA;FALSE;FALSE;"Objective"
17;2020-07-06 01:27:55;"";"";"pumpBeh";NA;NA;"";"";"start pump";"";NA;NA;NA;NA;NA;NA;0;NA;NA;NA;FALSE;FALSE;"Objective"
17;2020-07-06 01:31:48;"";"";"pumpBeh";NA;NA;"";"";"end pump";"";NA;NA;NA;NA;NA;NA;0;NA;NA;NA;FALSE;FALSE;"Objective"
18;2020-07-06 17:55:14;"";"";"pumpBeh";NA;NA;"";"";"start pump";"";NA;NA;NA;NA;NA;NA;0;NA;NA;NA;FALSE;FALSE;"Objective"
18;2020-07-06 17:59:07;"";"";"pumpBeh";NA;NA;"";"";"end pump";"";NA;NA;NA;NA;NA;NA;0;NA;NA;NA;FALSE;FALSE;"Objective"
18;2020-07-06 20:49:31;"";"";"pumpBeh";NA;NA;"";"";"start pump";"";NA;NA;NA;NA;NA;NA;0;NA;NA;NA;FALSE;FALSE;"Objective"
18;2020-07-06 20:53:24;"";"";"pumpBeh";NA;NA;"";"";"end pump";"";NA;NA;NA;NA;NA;NA;0;NA;NA;NA;FALSE;FALSE;"Objective"
18;2020-07-06 23:18:26;"";"";"pumpBeh";NA;NA;"";"";"start pump";"";NA;NA;NA;NA;NA;NA;0;NA;NA;NA;FALSE;FALSE;"Objective"
18;2020-07-06 23:22:20;"";"";"pumpBeh";NA;NA;"";"";"end pump";"";NA;NA;NA;NA;NA;NA;0;NA;NA;NA;FALSE;FALSE;"Objective"
18;2020-07-07 01:41:52;"";"";"pumpBeh";NA;NA;"";"";"start pump";"";NA;NA;NA;NA;NA;NA;0;NA;NA;NA;FALSE;FALSE;"Objective"
18;2020-07-07 01:45:46;"";"";"pumpBeh";NA;NA;"";"";"end pump";"";NA;NA;NA;NA;NA;NA;0;NA;NA;NA;FALSE;FALSE;"Objective"
19;2020-07-07 20:26:40;"";"";"pumpBeh";NA;NA;"";"";"start pump";"";NA;NA;NA;NA;NA;NA;0;NA;NA;NA;FALSE;FALSE;"Objective"
19;2020-07-07 20:30:33;"";"";"pumpBeh";NA;NA;"";"";"end pump";"";NA;NA;NA;NA;NA;NA;0;NA;NA;NA;FALSE;FALSE;"Objective"
19;2020-07-08 02:48:02;"";"";"pumpBeh";NA;NA;"";"";"start pump";"";NA;NA;NA;NA;NA;NA;0;NA;NA;NA;FALSE;FALSE;"Objective"
19;2020-07-08 02:51:55;"";"";"pumpBeh";NA;NA;"";"";"end pump";"";NA;NA;NA;NA;NA;NA;0;NA;NA;NA;FALSE;FALSE;"Objective"
20;2020-07-08 20:20:57;"";"";"pumpBeh";NA;NA;"";"";"start pump";"";NA;NA;NA;NA;NA;NA;0;NA;NA;NA;FALSE;FALSE;"Objective"
20;2020-07-08 20:24:50;"";"";"pumpBeh";NA;NA;"";"";"end pump";"";NA;NA;NA;NA;NA;NA;0;NA;NA;NA;FALSE;FALSE;"Objective"
21;2020-07-09 22:43:11;"";"";"pumpBeh";NA;NA;"";"";"start pump";"";NA;NA;NA;NA;NA;NA;0;NA;NA;NA;FALSE;FALSE;"Objective"
21;2020-07-09 22:47:04;"";"";"pumpBeh";NA;NA;"";"";"end pump";"";NA;NA;NA;NA;NA;NA;0;NA;NA;NA;FALSE;FALSE;"Objective"
22;2020-07-15 18:07:19;"";"";"pumpBeh";NA;NA;"";"";"start pump";"";NA;NA;NA;NA;NA;NA;0;NA;NA;NA;FALSE;FALSE;"Objective"
22;2020-07-15 18:11:12;"";"";"pumpBeh";NA;NA;"";"";"end pump";"";NA;NA;NA;NA;NA;NA;0;NA;NA;NA;FALSE;FALSE;"Objective"
22;2020-07-15 21:16:18;"";"";"pumpBeh";NA;NA;"";"";"start pump";"";NA;NA;NA;NA;NA;NA;0;NA;NA;NA;FALSE;FALSE;"Objective"
22;2020-07-15 21:20:11;"";"";"pumpBeh";NA;NA;"";"";"end pump";"";NA;NA;NA;NA;NA;NA;0;NA;NA;NA;FALSE;FALSE;"Objective"
22;2020-07-15 23:58:55;"";"";"pumpBeh";NA;NA;"";"";"start pump";"";NA;NA;NA;NA;NA;NA;0;NA;NA;NA;FALSE;FALSE;"Objective"
22;2020-07-16 00:02:48;"";"";"pumpBeh";NA;NA;"";"";"end pump";"";NA;NA;NA;NA;NA;NA;0;NA;NA;NA;FALSE;FALSE;"Objective"
22;2020-07-16 02:37:16;"";"";"pumpBeh";NA;NA;"";"";"start pump";"";NA;NA;NA;NA;NA;NA;0;NA;NA;NA;FALSE;FALSE;"Objective"
22;2020-07-16 02:41:09;"";"";"pumpBeh";NA;NA;"";"";"end pump";"";NA;NA;NA;NA;NA;NA;0;NA;NA;NA;FALSE;FALSE;"Objective"
23;2020-07-16 17:17:20;"";"";"pumpBeh";NA;NA;"";"";"start pump";"";NA;NA;NA;NA;NA;NA;0;NA;NA;NA;FALSE;FALSE;"Objective"
23;2020-07-16 17:21:13;"";"";"pumpBeh";NA;NA;"";"";"end pump";"";NA;NA;NA;NA;NA;NA;0;NA;NA;NA;FALSE;FALSE;"Objective"
23;2020-07-16 19:45:32;"";"";"pumpBeh";NA;NA;"";"";"start pump";"";NA;NA;NA;NA;NA;NA;0;NA;NA;NA;FALSE;FALSE;"Objective"
23;2020-07-16 19:49:25;"";"";"pumpBeh";NA;NA;"";"";"end pump";"";NA;NA;NA;NA;NA;NA;0;NA;NA;NA;FALSE;FALSE;"Objective"
23;2020-07-16 22:14:32;"";"";"pumpBeh";NA;NA;"";"";"start pump";"";NA;NA;NA;NA;NA;NA;0;NA;NA;NA;FALSE;FALSE;"Objective"
23;2020-07-16 22:18:25;"";"";"pumpBeh";NA;NA;"";"";"end pump";"";NA;NA;NA;NA;NA;NA;0;NA;NA;NA;FALSE;FALSE;"Objective"
23;2020-07-17 00:47:35;"";"";"pumpBeh";NA;NA;"";"";"start pump";"";NA;NA;NA;NA;NA;NA;0;NA;NA;NA;FALSE;FALSE;"Objective"
23;2020-07-17 00:51:28;"";"";"pumpBeh";NA;NA;"";"";"end pump";"";NA;NA;NA;NA;NA;NA;0;NA;NA;NA;FALSE;FALSE;"Objective"
24;2020-07-17 17:33:24;"";"";"pumpBeh";NA;NA;"";"";"start pump";"";NA;NA;NA;NA;NA;NA;0;NA;NA;NA;FALSE;FALSE;"Objective"
24;2020-07-17 17:37:17;"";"";"pumpBeh";NA;NA;"";"";"end pump";"";NA;NA;NA;NA;NA;NA;0;NA;NA;NA;FALSE;FALSE;"Objective"
24;2020-07-17 20:18:20;"";"";"pumpBeh";NA;NA;"";"";"start pump";"";NA;NA;NA;NA;NA;NA;0;NA;NA;NA;FALSE;FALSE;"Objective"
24;2020-07-17 20:22:13;"";"";"pumpBeh";NA;NA;"";"";"end pump";"";NA;NA;NA;NA;NA;NA;0;NA;NA;NA;FALSE;FALSE;"Objective"
24;2020-07-17 22:46:11;"";"";"pumpBeh";NA;NA;"";"";"start pump";"";NA;NA;NA;NA;NA;NA;0;NA;NA;NA;FALSE;FALSE;"Objective"
24;2020-07-17 22:50:04;"";"";"pumpBeh";NA;NA;"";"";"end pump";"";NA;NA;NA;NA;NA;NA;0;NA;NA;NA;FALSE;FALSE;"Objective"
24;2020-07-18 01:25:52;"";"";"pumpBeh";NA;NA;"";"";"start pump";"";NA;NA;NA;NA;NA;NA;0;NA;NA;NA;FALSE;FALSE;"Objective"
24;2020-07-18 01:29:45;"";"";"pumpBeh";NA;NA;"";"";"end pump";"";NA;NA;NA;NA;NA;NA;0;NA;NA;NA;FALSE;FALSE;"Objective"
25;2020-07-18 16:58:32;"";"";"pumpBeh";NA;NA;"";"";"start pump";"";NA;NA;NA;NA;NA;NA;0;NA;NA;NA;FALSE;FALSE;"Objective"
25;2020-07-18 17:02:25;"";"";"pumpBeh";NA;NA;"";"";"end pump";"";NA;NA;NA;NA;NA;NA;0;NA;NA;NA;FALSE;FALSE;"Objective"
25;2020-07-18 19:40:00;"";"";"pumpBeh";NA;NA;"";"";"start pump";"";NA;NA;NA;NA;NA;NA;0;NA;NA;NA;FALSE;FALSE;"Objective"
25;2020-07-18 19:43:53;"";"";"pumpBeh";NA;NA;"";"";"end pump";"";NA;NA;NA;NA;NA;NA;0;NA;NA;NA;FALSE;FALSE;"Objective"
25;2020-07-18 22:01:05;"";"";"pumpBeh";NA;NA;"";"";"start pump";"";NA;NA;NA;NA;NA;NA;0;NA;NA;NA;FALSE;FALSE;"Objective"
25;2020-07-18 22:04:58;"";"";"pumpBeh";NA;NA;"";"";"end pump";"";NA;NA;NA;NA;NA;NA;0;NA;NA;NA;FALSE;FALSE;"Objective"
25;2020-07-19 00:47:10;"";"";"pumpBeh";NA;NA;"";"";"start pump";"";NA;NA;NA;NA;NA;NA;0;NA;NA;NA;FALSE;FALSE;"Objective"
25;2020-07-19 00:51:03;"";"";"pumpBeh";NA;NA;"";"";"end pump";"";NA;NA;NA;NA;NA;NA;0;NA;NA;NA;FALSE;FALSE;"Objective"
26;2020-07-19 17:03:04;"";"";"pumpBeh";NA;NA;"";"";"start pump";"";NA;NA;NA;NA;NA;NA;0;NA;NA;NA;FALSE;FALSE;"Objective"
26;2020-07-19 17:06:57;"";"";"pumpBeh";NA;NA;"";"";"end pump";"";NA;NA;NA;NA;NA;NA;0;NA;NA;NA;FALSE;FALSE;"Objective"
26;2020-07-19 19:23:56;"";"";"pumpBeh";NA;NA;"";"";"start pump";"";NA;NA;NA;NA;NA;NA;0;NA;NA;NA;FALSE;FALSE;"Objective"
26;2020-07-19 19:27:49;"";"";"pumpBeh";NA;NA;"";"";"end pump";"";NA;NA;NA;NA;NA;NA;0;NA;NA;NA;FALSE;FALSE;"Objective"
26;2020-07-19 21:59:30;"";"";"pumpBeh";NA;NA;"";"";"start pump";"";NA;NA;NA;NA;NA;NA;0;NA;NA;NA;FALSE;FALSE;"Objective"
26;2020-07-19 22:03:23;"";"";"pumpBeh";NA;NA;"";"";"end pump";"";NA;NA;NA;NA;NA;NA;0;NA;NA;NA;FALSE;FALSE;"Objective"
26;2020-07-20 00:21:15;"";"";"pumpBeh";NA;NA;"";"";"start pump";"";NA;NA;NA;NA;NA;NA;0;NA;NA;NA;FALSE;FALSE;"Objective"
26;2020-07-20 00:25:08;"";"";"pumpBeh";NA;NA;"";"";"end pump";"";NA;NA;NA;NA;NA;NA;0;NA;NA;NA;FALSE;FALSE;"Objective"
26;2020-07-20 02:57:59;"";"";"pumpBeh";NA;NA;"";"";"start pump";"";NA;NA;NA;NA;NA;NA;0;NA;NA;NA;FALSE;FALSE;"Objective"
26;2020-07-20 03:01:52;"";"";"pumpBeh";NA;NA;"";"";"end pump";"";NA;NA;NA;NA;NA;NA;0;NA;NA;NA;FALSE;FALSE;"Objective"
27;2020-07-20 16:56:14;"";"";"pumpBeh";NA;NA;"";"";"start pump";"";NA;NA;NA;NA;NA;NA;0;NA;NA;NA;FALSE;FALSE;"Objective"
27;2020-07-20 17:00:07;"";"";"pumpBeh";NA;NA;"";"";"end pump";"";NA;NA;NA;NA;NA;NA;0;NA;NA;NA;FALSE;FALSE;"Objective"
27;2020-07-20 19:34:01;"";"";"pumpBeh";NA;NA;"";"";"start pump";"";NA;NA;NA;NA;NA;NA;0;NA;NA;NA;FALSE;FALSE;"Objective"
27;2020-07-20 19:37:55;"";"";"pumpBeh";NA;NA;"";"";"end pump";"";NA;NA;NA;NA;NA;NA;0;NA;NA;NA;FALSE;FALSE;"Objective"
27;2020-07-20 21:57:12;"";"";"pumpBeh";NA;NA;"";"";"start pump";"";NA;NA;NA;NA;NA;NA;0;NA;NA;NA;FALSE;FALSE;"Objective"
27;2020-07-20 22:01:05;"";"";"pumpBeh";NA;NA;"";"";"end pump";"";NA;NA;NA;NA;NA;NA;0;NA;NA;NA;FALSE;FALSE;"Objective"
27;2020-07-21 00:19:09;"";"";"pumpBeh";NA;NA;"";"";"start pump";"";NA;NA;NA;NA;NA;NA;0;NA;NA;NA;FALSE;FALSE;"Objective"
27;2020-07-21 00:23:02;"";"";"pumpBeh";NA;NA;"";"";"end pump";"";NA;NA;NA;NA;NA;NA;0;NA;NA;NA;FALSE;FALSE;"Objective"
28;2020-07-21 16:54:05;"";"";"pumpBeh";NA;NA;"";"";"start pump";"";NA;NA;NA;NA;NA;NA;0;NA;NA;NA;FALSE;FALSE;"Objective"
28;2020-07-21 16:57:58;"";"";"pumpBeh";NA;NA;"";"";"end pump";"";NA;NA;NA;NA;NA;NA;0;NA;NA;NA;FALSE;FALSE;"Objective"
28;2020-07-21 19:44:27;"";"";"pumpBeh";NA;NA;"";"";"start pump";"";NA;NA;NA;NA;NA;NA;0;NA;NA;NA;FALSE;FALSE;"Objective"
28;2020-07-21 19:48:20;"";"";"pumpBeh";NA;NA;"";"";"end pump";"";NA;NA;NA;NA;NA;NA;0;NA;NA;NA;FALSE;FALSE;"Objective"
28;2020-07-21 22:02:15;"";"";"pumpBeh";NA;NA;"";"";"start pump";"";NA;NA;NA;NA;NA;NA;0;NA;NA;NA;FALSE;FALSE;"Objective"
28;2020-07-21 22:06:08;"";"";"pumpBeh";NA;NA;"";"";"end pump";"";NA;NA;NA;NA;NA;NA;0;NA;NA;NA;FALSE;FALSE;"Objective"
28;2020-07-22 00:39:28;"";"";"pumpBeh";NA;NA;"";"";"start pump";"";NA;NA;NA;NA;NA;NA;0;NA;NA;NA;FALSE;FALSE;"Objective"
28;2020-07-22 00:43:21;"";"";"pumpBeh";NA;NA;"";"";"end pump";"";NA;NA;NA;NA;NA;NA;0;NA;NA;NA;FALSE;FALSE;"Objective"
29;2020-07-22 17:21:37;"";"";"pumpBeh";NA;NA;"";"";"start pump";"";NA;NA;NA;NA;NA;NA;0;NA;NA;NA;FALSE;FALSE;"Objective"
29;2020-07-22 17:25:30;"";"";"pumpBeh";NA;NA;"";"";"end pump";"";NA;NA;NA;NA;NA;NA;0;NA;NA;NA;FALSE;FALSE;"Objective"
29;2020-07-22 20:28:05;"";"";"pumpBeh";NA;NA;"";"";"start pump";"";NA;NA;NA;NA;NA;NA;0;NA;NA;NA;FALSE;FALSE;"Objective"
29;2020-07-22 20:31:59;"";"";"pumpBeh";NA;NA;"";"";"end pump";"";NA;NA;NA;NA;NA;NA;0;NA;NA;NA;FALSE;FALSE;"Objective"
29;2020-07-22 23:14:02;"";"";"pumpBeh";NA;NA;"";"";"start pump";"";NA;NA;NA;NA;NA;NA;0;NA;NA;NA;FALSE;FALSE;"Objective"
29;2020-07-22 23:17:55;"";"";"pumpBeh";NA;NA;"";"";"end pump";"";NA;NA;NA;NA;NA;NA;0;NA;NA;NA;FALSE;FALSE;"Objective"
29;2020-07-23 02:05:43;"";"";"pumpBeh";NA;NA;"";"";"start pump";"";NA;NA;NA;NA;NA;NA;0;NA;NA;NA;FALSE;FALSE;"Objective"
29;2020-07-23 02:09:36;"";"";"pumpBeh";NA;NA;"";"";"end pump";"";NA;NA;NA;NA;NA;NA;0;NA;NA;NA;FALSE;FALSE;"Objective"
30;2020-07-23 17:33:34;"";"";"pumpBeh";NA;NA;"";"";"start pump";"";NA;NA;NA;NA;NA;NA;0;NA;NA;NA;FALSE;FALSE;"Objective"
30;2020-07-23 17:37:27;"";"";"pumpBeh";NA;NA;"";"";"end pump";"";NA;NA;NA;NA;NA;NA;0;NA;NA;NA;FALSE;FALSE;"Objective"
30;2020-07-23 20:19:10;"";"";"pumpBeh";NA;NA;"";"";"start pump";"";NA;NA;NA;NA;NA;NA;0;NA;NA;NA;FALSE;FALSE;"Objective"
30;2020-07-23 20:23:03;"";"";"pumpBeh";NA;NA;"";"";"end pump";"";NA;NA;NA;NA;NA;NA;0;NA;NA;NA;FALSE;FALSE;"Objective"
30;2020-07-23 22:46:03;"";"";"pumpBeh";NA;NA;"";"";"start pump";"";NA;NA;NA;NA;NA;NA;0;NA;NA;NA;FALSE;FALSE;"Objective"
30;2020-07-23 22:49:56;"";"";"pumpBeh";NA;NA;"";"";"end pump";"";NA;NA;NA;NA;NA;NA;0;NA;NA;NA;FALSE;FALSE;"Objective"
30;2020-07-24 01:25:43;"";"";"pumpBeh";NA;NA;"";"";"start pump";"";NA;NA;NA;NA;NA;NA;0;NA;NA;NA;FALSE;FALSE;"Objective"
30;2020-07-24 01:29:36;"";"";"pumpBeh";NA;NA;"";"";"end pump";"";NA;NA;NA;NA;NA;NA;0;NA;NA;NA;FALSE;FALSE;"Objective"
